Livello 1,Livello 2,Livello 3,Livello 4,Nome file,Conforme (1/2/3),Percorso completo
Zaino in pelle-zaini pelle donna,Missil-49-24x13x31-1,Multicolore Marrone-Multicolor Brown-BDELVBB,3.jpg,3.jpg,Sì,I:/Il mio Drive/MASTER Foto Prodotti\Zaino in pelle-zaini pelle donna\Missil-49-24x13x31-1\Multicolore Marrone-Multicolor Brown-BDELVBB\3.jpg
Zaino in pelle-zaini pelle donna,Missil-49-24x13x31-1,Multicolore Marrone-Multicolor Brown-BDELVBB,2.jpg,2.jpg,Sì,I:/Il mio Drive/MASTER Foto Prodotti\Zaino in pelle-zaini pelle donna\Missil-49-24x13x31-1\Multicolore Marrone-Multicolor Brown-BDELVBB\2.jpg
Zaino in pelle-zaini pelle donna,Missil-49-24x13x31-1,Multicolore Marrone-Multicolor Brown-BDELVBB,1.jpg,1.jpg,Sì,I:/Il mio Drive/MASTER Foto Prodotti\Zaino in pelle-zaini pelle donna\Missil-49-24x13x31-1\Multicolore Marrone-Multicolor Brown-BDELVBB\1.jpg
Zaino in pelle-zaini pelle donna,Missil-49-24x13x31-1,Multicolore Miele-Multicolor Honey-BDELVBV,3.jpg,3.jpg,Sì,I:/Il mio Drive/MASTER Foto Prodotti\Zaino in pelle-zaini pelle donna\Missil-49-24x13x31-1\Multicolore Miele-Multicolor Honey-BDELVBV\3.jpg
Zaino in pelle-zaini pelle donna,Missil-49-24x13x31-1,Multicolore Miele-Multicolor Honey-BDELVBV,2.jpg,2.jpg,Sì,I:/Il mio Drive/MASTER Foto Prodotti\Zaino in pelle-zaini pelle donna\Missil-49-24x13x31-1\Multicolore Miele-Multicolor Honey-BDELVBV\2.jpg
Zaino in pelle-zaini pelle donna,Missil-49-24x13x31-1,Multicolore Miele-Multicolor Honey-BDELVBV,1.jpg,1.jpg,Sì,I:/Il mio Drive/MASTER Foto Prodotti\Zaino in pelle-zaini pelle donna\Missil-49-24x13x31-1\Multicolore Miele-Multicolor Honey-BDELVBV\1.jpg
Zaino in pelle-zaini pelle donna,Missil-49-24x13x31-1,Multicolore Naturale-Multicolor Brown-BDELVBC,3.jpg,3.jpg,Sì,I:/Il mio Drive/MASTER Foto Prodotti\Zaino in pelle-zaini pelle donna\Missil-49-24x13x31-1\Multicolore Naturale-Multicolor Brown-BDELVBC\3.jpg
Zaino in pelle-zaini pelle donna,Missil-49-24x13x31-1,Multicolore Naturale-Multicolor Brown-BDELVBC,2.jpg,2.jpg,Sì,I:/Il mio Drive/MASTER Foto Prodotti\Zaino in pelle-zaini pelle donna\Missil-49-24x13x31-1\Multicolore Naturale-Multicolor Brown-BDELVBC\2.jpg
Zaino in pelle-zaini pelle donna,Missil-49-24x13x31-1,Multicolore Naturale-Multicolor Brown-BDELVBC,1.jpg,1.jpg,Sì,I:/Il mio Drive/MASTER Foto Prodotti\Zaino in pelle-zaini pelle donna\Missil-49-24x13x31-1\Multicolore Naturale-Multicolor Brown-BDELVBC\1.jpg
Zaino in pelle-zaini pelle donna,"Zeno-42-31x7x34,5-1",Nero-Black-BD1640L1,2.jpg,2.jpg,Sì,"I:/Il mio Drive/MASTER Foto Prodotti\Zaino in pelle-zaini pelle donna\Zeno-42-31x7x34,5-1\Nero-Black-BD1640L1\2.jpg"
Zaino in pelle-zaini pelle donna,"Zeno-42-31x7x34,5-1",Nero-Black-BD1640L1,3.jpg,3.jpg,Sì,"I:/Il mio Drive/MASTER Foto Prodotti\Zaino in pelle-zaini pelle donna\Zeno-42-31x7x34,5-1\Nero-Black-BD1640L1\3.jpg"
Zaino in pelle-zaini pelle donna,"Zeno-42-31x7x34,5-1",Nero-Black-BD1640L1,1.jpg,1.jpg,Sì,"I:/Il mio Drive/MASTER Foto Prodotti\Zaino in pelle-zaini pelle donna\Zeno-42-31x7x34,5-1\Nero-Black-BD1640L1\1.jpg"
Zaino in pelle-zaini pelle donna,"Zeno-42-31x7x34,5-1",Marrone-Brown-BD1640L2,2.jpg,2.jpg,Sì,"I:/Il mio Drive/MASTER Foto Prodotti\Zaino in pelle-zaini pelle donna\Zeno-42-31x7x34,5-1\Marrone-Brown-BD1640L2\2.jpg"
Zaino in pelle-zaini pelle donna,"Zeno-42-31x7x34,5-1",Marrone-Brown-BD1640L2,3.jpg,3.jpg,Sì,"I:/Il mio Drive/MASTER Foto Prodotti\Zaino in pelle-zaini pelle donna\Zeno-42-31x7x34,5-1\Marrone-Brown-BD1640L2\3.jpg"
Zaino in pelle-zaini pelle donna,"Zeno-42-31x7x34,5-1",Marrone-Brown-BD1640L2,1.jpg,1.jpg,Sì,"I:/Il mio Drive/MASTER Foto Prodotti\Zaino in pelle-zaini pelle donna\Zeno-42-31x7x34,5-1\Marrone-Brown-BD1640L2\1.jpg"
Zaino in pelle-zaini pelle donna,Palermo-42-32x11x33-1,Naturale-Natural-ZD03275D3,3.jpg,3.jpg,Sì,I:/Il mio Drive/MASTER Foto Prodotti\Zaino in pelle-zaini pelle donna\Palermo-42-32x11x33-1\Naturale-Natural-ZD03275D3\3.jpg
Zaino in pelle-zaini pelle donna,Palermo-42-32x11x33-1,Naturale-Natural-ZD03275D3,2.jpg,2.jpg,Sì,I:/Il mio Drive/MASTER Foto Prodotti\Zaino in pelle-zaini pelle donna\Palermo-42-32x11x33-1\Naturale-Natural-ZD03275D3\2.jpg
Zaino in pelle-zaini pelle donna,Palermo-42-32x11x33-1,Naturale-Natural-ZD03275D3,1.jpg,1.jpg,Sì,I:/Il mio Drive/MASTER Foto Prodotti\Zaino in pelle-zaini pelle donna\Palermo-42-32x11x33-1\Naturale-Natural-ZD03275D3\1.jpg
Zaino in pelle-zaini pelle donna,Donatella-87-23x13x30-1,Multicolore nero-Multicolor black-ZD3518PR1,2.jpg,2.jpg,Sì,I:/Il mio Drive/MASTER Foto Prodotti\Zaino in pelle-zaini pelle donna\Donatella-87-23x13x30-1\Multicolore nero-Multicolor black-ZD3518PR1\2.jpg
Zaino in pelle-zaini pelle donna,Donatella-87-23x13x30-1,Multicolore nero-Multicolor black-ZD3518PR1,3.jpg,3.jpg,Sì,I:/Il mio Drive/MASTER Foto Prodotti\Zaino in pelle-zaini pelle donna\Donatella-87-23x13x30-1\Multicolore nero-Multicolor black-ZD3518PR1\3.jpg
Zaino in pelle-zaini pelle donna,Donatella-87-23x13x30-1,Multicolore nero-Multicolor black-ZD3518PR1,1.jpg,1.jpg,Sì,I:/Il mio Drive/MASTER Foto Prodotti\Zaino in pelle-zaini pelle donna\Donatella-87-23x13x30-1\Multicolore nero-Multicolor black-ZD3518PR1\1.jpg
Zaino in pelle-zaini pelle donna,Donatella-87-23x13x30-1,Multicolore Arancione-Multicolor Orange-ZD3518PR24,3.jpg,3.jpg,Sì,I:/Il mio Drive/MASTER Foto Prodotti\Zaino in pelle-zaini pelle donna\Donatella-87-23x13x30-1\Multicolore Arancione-Multicolor Orange-ZD3518PR24\3.jpg
Zaino in pelle-zaini pelle donna,Donatella-87-23x13x30-1,Multicolore Arancione-Multicolor Orange-ZD3518PR24,2.jpg,2.jpg,Sì,I:/Il mio Drive/MASTER Foto Prodotti\Zaino in pelle-zaini pelle donna\Donatella-87-23x13x30-1\Multicolore Arancione-Multicolor Orange-ZD3518PR24\2.jpg
Zaino in pelle-zaini pelle donna,Donatella-87-23x13x30-1,Multicolore Arancione-Multicolor Orange-ZD3518PR24,1.jpg,1.jpg,Sì,I:/Il mio Drive/MASTER Foto Prodotti\Zaino in pelle-zaini pelle donna\Donatella-87-23x13x30-1\Multicolore Arancione-Multicolor Orange-ZD3518PR24\1.jpg
Portafoglio in pelle-portafogli pelle uomo,"Ettore-12-9,5x2,5x12-2",Rosso-Red-PU221W4,3.jpg,3.jpg,Sì,"I:/Il mio Drive/MASTER Foto Prodotti\Portafoglio in pelle-portafogli pelle uomo\Ettore-12-9,5x2,5x12-2\Rosso-Red-PU221W4\3.jpg"
Portafoglio in pelle-portafogli pelle uomo,"Ettore-12-9,5x2,5x12-2",Rosso-Red-PU221W4,2.jpg,2.jpg,Sì,"I:/Il mio Drive/MASTER Foto Prodotti\Portafoglio in pelle-portafogli pelle uomo\Ettore-12-9,5x2,5x12-2\Rosso-Red-PU221W4\2.jpg"
Portafoglio in pelle-portafogli pelle uomo,"Ettore-12-9,5x2,5x12-2",Rosso-Red-PU221W4,1.jpg,1.jpg,Sì,"I:/Il mio Drive/MASTER Foto Prodotti\Portafoglio in pelle-portafogli pelle uomo\Ettore-12-9,5x2,5x12-2\Rosso-Red-PU221W4\1.jpg"
Portafoglio in pelle-portafogli pelle uomo,"Roberto-XX-11,5x1,5x9-2",Testa di moro-Brown-PU06W10,3.jpg,3.jpg,Sì,"I:/Il mio Drive/MASTER Foto Prodotti\Portafoglio in pelle-portafogli pelle uomo\Roberto-XX-11,5x1,5x9-2\Testa di moro-Brown-PU06W10\3.jpg"
Portafoglio in pelle-portafogli pelle uomo,"Roberto-XX-11,5x1,5x9-2",Testa di moro-Brown-PU06W10,2.jpg,2.jpg,Sì,"I:/Il mio Drive/MASTER Foto Prodotti\Portafoglio in pelle-portafogli pelle uomo\Roberto-XX-11,5x1,5x9-2\Testa di moro-Brown-PU06W10\2.jpg"
Portafoglio in pelle-portafogli pelle uomo,"Roberto-XX-11,5x1,5x9-2",Testa di moro-Brown-PU06W10,1.jpg,1.jpg,Sì,"I:/Il mio Drive/MASTER Foto Prodotti\Portafoglio in pelle-portafogli pelle uomo\Roberto-XX-11,5x1,5x9-2\Testa di moro-Brown-PU06W10\1.jpg"
Portafoglio in pelle-portafogli pelle uomo,"Auren-XX-12x2,10-2",Nero-Black-PU04ZW1,3.jpg,3.jpg,Sì,"I:/Il mio Drive/MASTER Foto Prodotti\Portafoglio in pelle-portafogli pelle uomo\Auren-XX-12x2,10-2\Nero-Black-PU04ZW1\3.jpg"
Portafoglio in pelle-portafogli pelle uomo,"Auren-XX-12x2,10-2",Nero-Black-PU04ZW1,2.jpg,2.jpg,Sì,"I:/Il mio Drive/MASTER Foto Prodotti\Portafoglio in pelle-portafogli pelle uomo\Auren-XX-12x2,10-2\Nero-Black-PU04ZW1\2.jpg"
Portafoglio in pelle-portafogli pelle uomo,"Auren-XX-12x2,10-2",Nero-Black-PU04ZW1,1.jpg,1.jpg,Sì,"I:/Il mio Drive/MASTER Foto Prodotti\Portafoglio in pelle-portafogli pelle uomo\Auren-XX-12x2,10-2\Nero-Black-PU04ZW1\1.jpg"
Portafoglio in pelle-portafogli pelle uomo,"Auren-XX-12x2,10-2",Testa di moro-Brown-PU04ZW10,3.jpg,3.jpg,Sì,"I:/Il mio Drive/MASTER Foto Prodotti\Portafoglio in pelle-portafogli pelle uomo\Auren-XX-12x2,10-2\Testa di moro-Brown-PU04ZW10\3.jpg"
Portafoglio in pelle-portafogli pelle uomo,"Auren-XX-12x2,10-2",Testa di moro-Brown-PU04ZW10,2.jpg,2.jpg,Sì,"I:/Il mio Drive/MASTER Foto Prodotti\Portafoglio in pelle-portafogli pelle uomo\Auren-XX-12x2,10-2\Testa di moro-Brown-PU04ZW10\2.jpg"
Portafoglio in pelle-portafogli pelle uomo,"Auren-XX-12x2,10-2",Testa di moro-Brown-PU04ZW10,1.jpg,1.jpg,Sì,"I:/Il mio Drive/MASTER Foto Prodotti\Portafoglio in pelle-portafogli pelle uomo\Auren-XX-12x2,10-2\Testa di moro-Brown-PU04ZW10\1.jpg"
Portafoglio in pelle-portafogli pelle uomo,"Pietro-XX-13x2x9,5-2",Testa di moro-Brown-PU222W10,3.jpg,3.jpg,Sì,"I:/Il mio Drive/MASTER Foto Prodotti\Portafoglio in pelle-portafogli pelle uomo\Pietro-XX-13x2x9,5-2\Testa di moro-Brown-PU222W10\3.jpg"
Portafoglio in pelle-portafogli pelle uomo,"Pietro-XX-13x2x9,5-2",Testa di moro-Brown-PU222W10,2.jpg,2.jpg,Sì,"I:/Il mio Drive/MASTER Foto Prodotti\Portafoglio in pelle-portafogli pelle uomo\Pietro-XX-13x2x9,5-2\Testa di moro-Brown-PU222W10\2.jpg"
Portafoglio in pelle-portafogli pelle uomo,"Pietro-XX-13x2x9,5-2",Testa di moro-Brown-PU222W10,1.jpg,1.jpg,Sì,"I:/Il mio Drive/MASTER Foto Prodotti\Portafoglio in pelle-portafogli pelle uomo\Pietro-XX-13x2x9,5-2\Testa di moro-Brown-PU222W10\1.jpg"
Portafoglio in pelle-portafogli pelle uomo,"Pietro-XX-13x2x9,5-2",Naturale-Natural-PU222W3,3.jpg,3.jpg,Sì,"I:/Il mio Drive/MASTER Foto Prodotti\Portafoglio in pelle-portafogli pelle uomo\Pietro-XX-13x2x9,5-2\Naturale-Natural-PU222W3\3.jpg"
Portafoglio in pelle-portafogli pelle uomo,"Pietro-XX-13x2x9,5-2",Naturale-Natural-PU222W3,2.jpg,2.jpg,Sì,"I:/Il mio Drive/MASTER Foto Prodotti\Portafoglio in pelle-portafogli pelle uomo\Pietro-XX-13x2x9,5-2\Naturale-Natural-PU222W3\2.jpg"
Portafoglio in pelle-portafogli pelle uomo,"Pietro-XX-13x2x9,5-2",Naturale-Natural-PU222W3,1.jpg,1.jpg,Sì,"I:/Il mio Drive/MASTER Foto Prodotti\Portafoglio in pelle-portafogli pelle uomo\Pietro-XX-13x2x9,5-2\Naturale-Natural-PU222W3\1.jpg"
Portafoglio in pelle-portafogli pelle uomo,"Pietro-XX-13x2x9,5-2",Nero-Black-PU222W1,3.jpg,3.jpg,Sì,"I:/Il mio Drive/MASTER Foto Prodotti\Portafoglio in pelle-portafogli pelle uomo\Pietro-XX-13x2x9,5-2\Nero-Black-PU222W1\3.jpg"
Portafoglio in pelle-portafogli pelle uomo,"Pietro-XX-13x2x9,5-2",Nero-Black-PU222W1,2.jpg,2.jpg,Sì,"I:/Il mio Drive/MASTER Foto Prodotti\Portafoglio in pelle-portafogli pelle uomo\Pietro-XX-13x2x9,5-2\Nero-Black-PU222W1\2.jpg"
Portafoglio in pelle-portafogli pelle uomo,"Pietro-XX-13x2x9,5-2",Nero-Black-PU222W1,1.jpg,1.jpg,Sì,"I:/Il mio Drive/MASTER Foto Prodotti\Portafoglio in pelle-portafogli pelle uomo\Pietro-XX-13x2x9,5-2\Nero-Black-PU222W1\1.jpg"
Portafoglio in pelle-portafogli pelle uomo,Gianni-XX-12x2x9-2,Testa di moro-Brown-PU06SW10,3.jpg,3.jpg,Sì,I:/Il mio Drive/MASTER Foto Prodotti\Portafoglio in pelle-portafogli pelle uomo\Gianni-XX-12x2x9-2\Testa di moro-Brown-PU06SW10\3.jpg
Portafoglio in pelle-portafogli pelle uomo,Gianni-XX-12x2x9-2,Testa di moro-Brown-PU06SW10,2.jpg,2.jpg,Sì,I:/Il mio Drive/MASTER Foto Prodotti\Portafoglio in pelle-portafogli pelle uomo\Gianni-XX-12x2x9-2\Testa di moro-Brown-PU06SW10\2.jpg
Portafoglio in pelle-portafogli pelle uomo,Gianni-XX-12x2x9-2,Testa di moro-Brown-PU06SW10,1.jpg,1.jpg,Sì,I:/Il mio Drive/MASTER Foto Prodotti\Portafoglio in pelle-portafogli pelle uomo\Gianni-XX-12x2x9-2\Testa di moro-Brown-PU06SW10\1.jpg
Portafoglio in pelle-portafogli pelle uomo,Gianni-XX-12x2x9-2,Nero-Black-PU06SW1,3.jpg,3.jpg,Sì,I:/Il mio Drive/MASTER Foto Prodotti\Portafoglio in pelle-portafogli pelle uomo\Gianni-XX-12x2x9-2\Nero-Black-PU06SW1\3.jpg
Portafoglio in pelle-portafogli pelle uomo,Gianni-XX-12x2x9-2,Nero-Black-PU06SW1,2.jpg,2.jpg,Sì,I:/Il mio Drive/MASTER Foto Prodotti\Portafoglio in pelle-portafogli pelle uomo\Gianni-XX-12x2x9-2\Nero-Black-PU06SW1\2.jpg
Portafoglio in pelle-portafogli pelle uomo,Gianni-XX-12x2x9-2,Nero-Black-PU06SW1,1.jpg,1.jpg,Sì,I:/Il mio Drive/MASTER Foto Prodotti\Portafoglio in pelle-portafogli pelle uomo\Gianni-XX-12x2x9-2\Nero-Black-PU06SW1\1.jpg
Borsa in pelle-borse uomo pelle,"Gianni-XX-17x5,5x21-1",Testa di moro-Brown-BU017D10,3.jpg,3.jpg,Sì,"I:/Il mio Drive/MASTER Foto Prodotti\Borsa in pelle-borse uomo pelle\Gianni-XX-17x5,5x21-1\Testa di moro-Brown-BU017D10\3.jpg"
Borsa in pelle-borse uomo pelle,"Gianni-XX-17x5,5x21-1",Testa di moro-Brown-BU017D10,2.jpg,2.jpg,Sì,"I:/Il mio Drive/MASTER Foto Prodotti\Borsa in pelle-borse uomo pelle\Gianni-XX-17x5,5x21-1\Testa di moro-Brown-BU017D10\2.jpg"
Borsa in pelle-borse uomo pelle,"Gianni-XX-17x5,5x21-1",Testa di moro-Brown-BU017D10,1.jpg,1.jpg,Sì,"I:/Il mio Drive/MASTER Foto Prodotti\Borsa in pelle-borse uomo pelle\Gianni-XX-17x5,5x21-1\Testa di moro-Brown-BU017D10\1.jpg"
Borsa in pelle-borse uomo pelle,"Gianni-XX-17x5,5x21-1",Blu-Blue-BU017D5,3.jpg,3.jpg,Sì,"I:/Il mio Drive/MASTER Foto Prodotti\Borsa in pelle-borse uomo pelle\Gianni-XX-17x5,5x21-1\Blu-Blue-BU017D5\3.jpg"
Borsa in pelle-borse uomo pelle,"Gianni-XX-17x5,5x21-1",Blu-Blue-BU017D5,2.jpg,2.jpg,Sì,"I:/Il mio Drive/MASTER Foto Prodotti\Borsa in pelle-borse uomo pelle\Gianni-XX-17x5,5x21-1\Blu-Blue-BU017D5\2.jpg"
Borsa in pelle-borse uomo pelle,"Gianni-XX-17x5,5x21-1",Blu-Blue-BU017D5,1.jpg,1.jpg,Sì,"I:/Il mio Drive/MASTER Foto Prodotti\Borsa in pelle-borse uomo pelle\Gianni-XX-17x5,5x21-1\Blu-Blue-BU017D5\1.jpg"
Borsa in pelle-borse uomo pelle,"Gianni-XX-17x5,5x21-1",Nero-Black-BU017D1,3.jpg,3.jpg,Sì,"I:/Il mio Drive/MASTER Foto Prodotti\Borsa in pelle-borse uomo pelle\Gianni-XX-17x5,5x21-1\Nero-Black-BU017D1\3.jpg"
Borsa in pelle-borse uomo pelle,"Gianni-XX-17x5,5x21-1",Nero-Black-BU017D1,2.jpg,2.jpg,Sì,"I:/Il mio Drive/MASTER Foto Prodotti\Borsa in pelle-borse uomo pelle\Gianni-XX-17x5,5x21-1\Nero-Black-BU017D1\2.jpg"
Borsa in pelle-borse uomo pelle,"Gianni-XX-17x5,5x21-1",Nero-Black-BU017D1,1.jpg,1.jpg,Sì,"I:/Il mio Drive/MASTER Foto Prodotti\Borsa in pelle-borse uomo pelle\Gianni-XX-17x5,5x21-1\Nero-Black-BU017D1\1.jpg"
Borsa in pelle-borse uomo pelle,Mauro-XX-20x7x23-1,Nero-Black-BU03D1,3.jpg,3.jpg,Sì,I:/Il mio Drive/MASTER Foto Prodotti\Borsa in pelle-borse uomo pelle\Mauro-XX-20x7x23-1\Nero-Black-BU03D1\3.jpg
Borsa in pelle-borse uomo pelle,Mauro-XX-20x7x23-1,Nero-Black-BU03D1,2.jpg,2.jpg,Sì,I:/Il mio Drive/MASTER Foto Prodotti\Borsa in pelle-borse uomo pelle\Mauro-XX-20x7x23-1\Nero-Black-BU03D1\2.jpg
Borsa in pelle-borse uomo pelle,Mauro-XX-20x7x23-1,Nero-Black-BU03D1,1.jpg,1.jpg,Sì,I:/Il mio Drive/MASTER Foto Prodotti\Borsa in pelle-borse uomo pelle\Mauro-XX-20x7x23-1\Nero-Black-BU03D1\1.jpg
Borsa in pelle-borse uomo pelle,Mauro-XX-20x7x23-1,Testa di moro-Brown-BU03D10,3.jpg,3.jpg,Sì,I:/Il mio Drive/MASTER Foto Prodotti\Borsa in pelle-borse uomo pelle\Mauro-XX-20x7x23-1\Testa di moro-Brown-BU03D10\3.jpg
Borsa in pelle-borse uomo pelle,Mauro-XX-20x7x23-1,Testa di moro-Brown-BU03D10,2.jpg,2.jpg,Sì,I:/Il mio Drive/MASTER Foto Prodotti\Borsa in pelle-borse uomo pelle\Mauro-XX-20x7x23-1\Testa di moro-Brown-BU03D10\2.jpg
Borsa in pelle-borse uomo pelle,Mauro-XX-20x7x23-1,Testa di moro-Brown-BU03D10,1.jpg,1.jpg,Sì,I:/Il mio Drive/MASTER Foto Prodotti\Borsa in pelle-borse uomo pelle\Mauro-XX-20x7x23-1\Testa di moro-Brown-BU03D10\1.jpg
Borsa in pelle-borse uomo pelle,Mauro-XX-20x7x23-1,Blu-Blue-BU03D5,3.jpg,3.jpg,Sì,I:/Il mio Drive/MASTER Foto Prodotti\Borsa in pelle-borse uomo pelle\Mauro-XX-20x7x23-1\Blu-Blue-BU03D5\3.jpg
Borsa in pelle-borse uomo pelle,Mauro-XX-20x7x23-1,Blu-Blue-BU03D5,2.jpg,2.jpg,Sì,I:/Il mio Drive/MASTER Foto Prodotti\Borsa in pelle-borse uomo pelle\Mauro-XX-20x7x23-1\Blu-Blue-BU03D5\2.jpg
Borsa in pelle-borse uomo pelle,Mauro-XX-20x7x23-1,Blu-Blue-BU03D5,1.jpg,1.jpg,Sì,I:/Il mio Drive/MASTER Foto Prodotti\Borsa in pelle-borse uomo pelle\Mauro-XX-20x7x23-1\Blu-Blue-BU03D5\1.jpg
Borsa in pelle-borse pelle donna,"Rosalinda-XX-22x9,5x18-1",Marrone-Brown-BD3854V2,2025_06_17_0274.jpg,2025_06_17_0274.jpg,No,"I:/Il mio Drive/MASTER Foto Prodotti\Borsa in pelle-borse pelle donna\Rosalinda-XX-22x9,5x18-1\Marrone-Brown-BD3854V2\2025_06_17_0274.jpg"
Borsa in pelle-borse pelle donna,"Rosalinda-XX-22x9,5x18-1",Marrone-Brown-BD3854V2,2025_06_17_0272.jpg,2025_06_17_0272.jpg,No,"I:/Il mio Drive/MASTER Foto Prodotti\Borsa in pelle-borse pelle donna\Rosalinda-XX-22x9,5x18-1\Marrone-Brown-BD3854V2\2025_06_17_0272.jpg"
Borsa in pelle-borse pelle donna,"Rosalinda-XX-22x9,5x18-1",Marrone-Brown-BD3854V2,2025_06_17_0271.jpg,2025_06_17_0271.jpg,No,"I:/Il mio Drive/MASTER Foto Prodotti\Borsa in pelle-borse pelle donna\Rosalinda-XX-22x9,5x18-1\Marrone-Brown-BD3854V2\2025_06_17_0271.jpg"
Borsa in pelle-borse pelle donna,"Rosalinda-XX-22x9,5x18-1",Marrone-Brown-BD3854V2,2025_06_17_0267.jpg,2025_06_17_0267.jpg,No,"I:/Il mio Drive/MASTER Foto Prodotti\Borsa in pelle-borse pelle donna\Rosalinda-XX-22x9,5x18-1\Marrone-Brown-BD3854V2\2025_06_17_0267.jpg"
Borsa in pelle-borse pelle donna,Mara-65-29x13x32-1,Marrone-Brown-BD1106GV2,3.jpg,3.jpg,Sì,I:/Il mio Drive/MASTER Foto Prodotti\Borsa in pelle-borse pelle donna\Mara-65-29x13x32-1\Marrone-Brown-BD1106GV2\3.jpg
Borsa in pelle-borse pelle donna,Mara-65-29x13x32-1,Marrone-Brown-BD1106GV2,2.jpg,2.jpg,Sì,I:/Il mio Drive/MASTER Foto Prodotti\Borsa in pelle-borse pelle donna\Mara-65-29x13x32-1\Marrone-Brown-BD1106GV2\2.jpg
Borsa in pelle-borse pelle donna,Mara-65-29x13x32-1,Marrone-Brown-BD1106GV2,1.jpg,1.jpg,Sì,I:/Il mio Drive/MASTER Foto Prodotti\Borsa in pelle-borse pelle donna\Mara-65-29x13x32-1\Marrone-Brown-BD1106GV2\1.jpg
Borsa in pelle-borse pelle donna,Mara-65-29x13x32-1,Nero-Black-BD1106GV1,3.jpg,3.jpg,Sì,I:/Il mio Drive/MASTER Foto Prodotti\Borsa in pelle-borse pelle donna\Mara-65-29x13x32-1\Nero-Black-BD1106GV1\3.jpg
Borsa in pelle-borse pelle donna,Mara-65-29x13x32-1,Nero-Black-BD1106GV1,2.jpg,2.jpg,Sì,I:/Il mio Drive/MASTER Foto Prodotti\Borsa in pelle-borse pelle donna\Mara-65-29x13x32-1\Nero-Black-BD1106GV1\2.jpg
Borsa in pelle-borse pelle donna,Mara-65-29x13x32-1,Nero-Black-BD1106GV1,1.jpg,1.jpg,Sì,I:/Il mio Drive/MASTER Foto Prodotti\Borsa in pelle-borse pelle donna\Mara-65-29x13x32-1\Nero-Black-BD1106GV1\1.jpg
Borsa in pelle-borse pelle donna,Mara-65-29x13x32-1,Rosso-Red-BD1106GV4,3.jpg,3.jpg,Sì,I:/Il mio Drive/MASTER Foto Prodotti\Borsa in pelle-borse pelle donna\Mara-65-29x13x32-1\Rosso-Red-BD1106GV4\3.jpg
Borsa in pelle-borse pelle donna,Mara-65-29x13x32-1,Rosso-Red-BD1106GV4,2.jpg,2.jpg,Sì,I:/Il mio Drive/MASTER Foto Prodotti\Borsa in pelle-borse pelle donna\Mara-65-29x13x32-1\Rosso-Red-BD1106GV4\2.jpg
Borsa in pelle-borse pelle donna,Mara-65-29x13x32-1,Rosso-Red-BD1106GV4,1.jpg,1.jpg,Sì,I:/Il mio Drive/MASTER Foto Prodotti\Borsa in pelle-borse pelle donna\Mara-65-29x13x32-1\Rosso-Red-BD1106GV4\1.jpg
Borsa in pelle-borse pelle donna,Navea-XX-21x6x14-1,Bianco-White-BD1701D12,3.jpg,3.jpg,Sì,I:/Il mio Drive/MASTER Foto Prodotti\Borsa in pelle-borse pelle donna\Navea-XX-21x6x14-1\Bianco-White-BD1701D12\3.jpg
Borsa in pelle-borse pelle donna,Navea-XX-21x6x14-1,Bianco-White-BD1701D12,1.jpg,1.jpg,Sì,I:/Il mio Drive/MASTER Foto Prodotti\Borsa in pelle-borse pelle donna\Navea-XX-21x6x14-1\Bianco-White-BD1701D12\1.jpg
Borsa in pelle-borse pelle donna,Navea-XX-21x6x14-1,Bianco-White-BD1701D12,2.jpg,2.jpg,Sì,I:/Il mio Drive/MASTER Foto Prodotti\Borsa in pelle-borse pelle donna\Navea-XX-21x6x14-1\Bianco-White-BD1701D12\2.jpg
Borsa in pelle-borse pelle donna,Navea-XX-21x6x14-1,Panna-Cream-BD1701D19,3.jpg,3.jpg,Sì,I:/Il mio Drive/MASTER Foto Prodotti\Borsa in pelle-borse pelle donna\Navea-XX-21x6x14-1\Panna-Cream-BD1701D19\3.jpg
Borsa in pelle-borse pelle donna,Navea-XX-21x6x14-1,Panna-Cream-BD1701D19,2.jpg,2.jpg,Sì,I:/Il mio Drive/MASTER Foto Prodotti\Borsa in pelle-borse pelle donna\Navea-XX-21x6x14-1\Panna-Cream-BD1701D19\2.jpg
Borsa in pelle-borse pelle donna,Navea-XX-21x6x14-1,Panna-Cream-BD1701D19,1.jpg,1.jpg,Sì,I:/Il mio Drive/MASTER Foto Prodotti\Borsa in pelle-borse pelle donna\Navea-XX-21x6x14-1\Panna-Cream-BD1701D19\1.jpg
Borsa in pelle-borse pelle donna,Navea-XX-21x6x14-1,Natuale-Natural-BD1701D3,3.jpg,3.jpg,Sì,I:/Il mio Drive/MASTER Foto Prodotti\Borsa in pelle-borse pelle donna\Navea-XX-21x6x14-1\Natuale-Natural-BD1701D3\3.jpg
Borsa in pelle-borse pelle donna,Navea-XX-21x6x14-1,Natuale-Natural-BD1701D3,2.jpg,2.jpg,Sì,I:/Il mio Drive/MASTER Foto Prodotti\Borsa in pelle-borse pelle donna\Navea-XX-21x6x14-1\Natuale-Natural-BD1701D3\2.jpg
Borsa in pelle-borse pelle donna,Navea-XX-21x6x14-1,Natuale-Natural-BD1701D3,1.jpg,1.jpg,Sì,I:/Il mio Drive/MASTER Foto Prodotti\Borsa in pelle-borse pelle donna\Navea-XX-21x6x14-1\Natuale-Natural-BD1701D3\1.jpg
Borsa in pelle-borse pelle donna,Navea-XX-21x6x14-1,Nero-Black-BD1701D1,3.jpg,3.jpg,Sì,I:/Il mio Drive/MASTER Foto Prodotti\Borsa in pelle-borse pelle donna\Navea-XX-21x6x14-1\Nero-Black-BD1701D1\3.jpg
Borsa in pelle-borse pelle donna,Navea-XX-21x6x14-1,Nero-Black-BD1701D1,2.jpg,2.jpg,Sì,I:/Il mio Drive/MASTER Foto Prodotti\Borsa in pelle-borse pelle donna\Navea-XX-21x6x14-1\Nero-Black-BD1701D1\2.jpg
Borsa in pelle-borse pelle donna,Navea-XX-21x6x14-1,Nero-Black-BD1701D1,1.jpg,1.jpg,Sì,I:/Il mio Drive/MASTER Foto Prodotti\Borsa in pelle-borse pelle donna\Navea-XX-21x6x14-1\Nero-Black-BD1701D1\1.jpg
Borsa in pelle-borse pelle donna,"Primula-16-20x8,5x20-1",Nero-Black-GNCF1,3.jpg,3.jpg,Sì,"I:/Il mio Drive/MASTER Foto Prodotti\Borsa in pelle-borse pelle donna\Primula-16-20x8,5x20-1\Nero-Black-GNCF1\3.jpg"
Borsa in pelle-borse pelle donna,"Primula-16-20x8,5x20-1",Nero-Black-GNCF1,2.jpg,2.jpg,Sì,"I:/Il mio Drive/MASTER Foto Prodotti\Borsa in pelle-borse pelle donna\Primula-16-20x8,5x20-1\Nero-Black-GNCF1\2.jpg"
Borsa in pelle-borse pelle donna,"Primula-16-20x8,5x20-1",Nero-Black-GNCF1,1.jpg,1.jpg,Sì,"I:/Il mio Drive/MASTER Foto Prodotti\Borsa in pelle-borse pelle donna\Primula-16-20x8,5x20-1\Nero-Black-GNCF1\1.jpg"
Borsa in pelle-borse pelle donna,"Primula-16-20x8,5x20-1",Rosa-Pink-GNCF25,3.jpg,3.jpg,Sì,"I:/Il mio Drive/MASTER Foto Prodotti\Borsa in pelle-borse pelle donna\Primula-16-20x8,5x20-1\Rosa-Pink-GNCF25\3.jpg"
Borsa in pelle-borse pelle donna,"Primula-16-20x8,5x20-1",Rosa-Pink-GNCF25,2.jpg,2.jpg,Sì,"I:/Il mio Drive/MASTER Foto Prodotti\Borsa in pelle-borse pelle donna\Primula-16-20x8,5x20-1\Rosa-Pink-GNCF25\2.jpg"
Borsa in pelle-borse pelle donna,"Primula-16-20x8,5x20-1",Rosa-Pink-GNCF25,1.jpg,1.jpg,Sì,"I:/Il mio Drive/MASTER Foto Prodotti\Borsa in pelle-borse pelle donna\Primula-16-20x8,5x20-1\Rosa-Pink-GNCF25\1.jpg"
Borsa in pelle-borse pelle donna,"Primula-16-20x8,5x20-1",Blu-Blue-GNCF5,3.jpg,3.jpg,Sì,"I:/Il mio Drive/MASTER Foto Prodotti\Borsa in pelle-borse pelle donna\Primula-16-20x8,5x20-1\Blu-Blue-GNCF5\3.jpg"
Borsa in pelle-borse pelle donna,"Primula-16-20x8,5x20-1",Blu-Blue-GNCF5,2.jpg,2.jpg,Sì,"I:/Il mio Drive/MASTER Foto Prodotti\Borsa in pelle-borse pelle donna\Primula-16-20x8,5x20-1\Blu-Blue-GNCF5\2.jpg"
Borsa in pelle-borse pelle donna,"Primula-16-20x8,5x20-1",Blu-Blue-GNCF5,1.jpg,1.jpg,Sì,"I:/Il mio Drive/MASTER Foto Prodotti\Borsa in pelle-borse pelle donna\Primula-16-20x8,5x20-1\Blu-Blue-GNCF5\1.jpg"
Borsa in pelle-borse pelle donna,"Primula-16-20x8,5x20-1",Rosso-Red-GNCF4,3.jpg,3.jpg,Sì,"I:/Il mio Drive/MASTER Foto Prodotti\Borsa in pelle-borse pelle donna\Primula-16-20x8,5x20-1\Rosso-Red-GNCF4\3.jpg"
Borsa in pelle-borse pelle donna,"Primula-16-20x8,5x20-1",Rosso-Red-GNCF4,2.jpg,2.jpg,Sì,"I:/Il mio Drive/MASTER Foto Prodotti\Borsa in pelle-borse pelle donna\Primula-16-20x8,5x20-1\Rosso-Red-GNCF4\2.jpg"
Borsa in pelle-borse pelle donna,"Primula-16-20x8,5x20-1",Rosso-Red-GNCF4,1.jpg,1.jpg,Sì,"I:/Il mio Drive/MASTER Foto Prodotti\Borsa in pelle-borse pelle donna\Primula-16-20x8,5x20-1\Rosso-Red-GNCF4\1.jpg"
Borsa in pelle-borse pelle donna,"Primula-16-20x8,5x20-1",Azzurro-Light Blue-GNCF8,3.jpg,3.jpg,Sì,"I:/Il mio Drive/MASTER Foto Prodotti\Borsa in pelle-borse pelle donna\Primula-16-20x8,5x20-1\Azzurro-Light Blue-GNCF8\3.jpg"
Borsa in pelle-borse pelle donna,"Primula-16-20x8,5x20-1",Azzurro-Light Blue-GNCF8,2.jpg,2.jpg,Sì,"I:/Il mio Drive/MASTER Foto Prodotti\Borsa in pelle-borse pelle donna\Primula-16-20x8,5x20-1\Azzurro-Light Blue-GNCF8\2.jpg"
Borsa in pelle-borse pelle donna,"Primula-16-20x8,5x20-1",Azzurro-Light Blue-GNCF8,1.jpg,1.jpg,Sì,"I:/Il mio Drive/MASTER Foto Prodotti\Borsa in pelle-borse pelle donna\Primula-16-20x8,5x20-1\Azzurro-Light Blue-GNCF8\1.jpg"
Borsa in pelle-borse pelle donna,"Primula-16-20x8,5x20-1",Grigio-Grey-GNCF13,3.jpg,3.jpg,Sì,"I:/Il mio Drive/MASTER Foto Prodotti\Borsa in pelle-borse pelle donna\Primula-16-20x8,5x20-1\Grigio-Grey-GNCF13\3.jpg"
Borsa in pelle-borse pelle donna,"Primula-16-20x8,5x20-1",Grigio-Grey-GNCF13,2.jpg,2.jpg,Sì,"I:/Il mio Drive/MASTER Foto Prodotti\Borsa in pelle-borse pelle donna\Primula-16-20x8,5x20-1\Grigio-Grey-GNCF13\2.jpg"
Borsa in pelle-borse pelle donna,"Primula-16-20x8,5x20-1",Grigio-Grey-GNCF13,1.jpg,1.jpg,Sì,"I:/Il mio Drive/MASTER Foto Prodotti\Borsa in pelle-borse pelle donna\Primula-16-20x8,5x20-1\Grigio-Grey-GNCF13\1.jpg"
Borsa in pelle-borse pelle donna,"Primula-16-20x8,5x20-1",Giallo-Yellow-GNCF3,3.jpg,3.jpg,Sì,"I:/Il mio Drive/MASTER Foto Prodotti\Borsa in pelle-borse pelle donna\Primula-16-20x8,5x20-1\Giallo-Yellow-GNCF3\3.jpg"
Borsa in pelle-borse pelle donna,"Primula-16-20x8,5x20-1",Giallo-Yellow-GNCF3,2.jpg,2.jpg,Sì,"I:/Il mio Drive/MASTER Foto Prodotti\Borsa in pelle-borse pelle donna\Primula-16-20x8,5x20-1\Giallo-Yellow-GNCF3\2.jpg"
Borsa in pelle-borse pelle donna,"Primula-16-20x8,5x20-1",Giallo-Yellow-GNCF3,1.jpg,1.jpg,Sì,"I:/Il mio Drive/MASTER Foto Prodotti\Borsa in pelle-borse pelle donna\Primula-16-20x8,5x20-1\Giallo-Yellow-GNCF3\1.jpg"
Borsa in pelle-borse pelle donna,Bologna-25-24x7x20-1,Rosa-Pink-CAMT25,3.jpg,3.jpg,Sì,I:/Il mio Drive/MASTER Foto Prodotti\Borsa in pelle-borse pelle donna\Bologna-25-24x7x20-1\Rosa-Pink-CAMT25\3.jpg
Borsa in pelle-borse pelle donna,Bologna-25-24x7x20-1,Rosa-Pink-CAMT25,2.jpg,2.jpg,Sì,I:/Il mio Drive/MASTER Foto Prodotti\Borsa in pelle-borse pelle donna\Bologna-25-24x7x20-1\Rosa-Pink-CAMT25\2.jpg
Borsa in pelle-borse pelle donna,Bologna-25-24x7x20-1,Rosa-Pink-CAMT25,1.jpg,1.jpg,Sì,I:/Il mio Drive/MASTER Foto Prodotti\Borsa in pelle-borse pelle donna\Bologna-25-24x7x20-1\Rosa-Pink-CAMT25\1.jpg
Borsa in pelle-borse pelle donna,Bologna-25-24x7x20-1,Verde oliva-Olive green-CAMT28,3.jpg,3.jpg,Sì,I:/Il mio Drive/MASTER Foto Prodotti\Borsa in pelle-borse pelle donna\Bologna-25-24x7x20-1\Verde oliva-Olive green-CAMT28\3.jpg
Borsa in pelle-borse pelle donna,Bologna-25-24x7x20-1,Verde oliva-Olive green-CAMT28,2.jpg,2.jpg,Sì,I:/Il mio Drive/MASTER Foto Prodotti\Borsa in pelle-borse pelle donna\Bologna-25-24x7x20-1\Verde oliva-Olive green-CAMT28\2.jpg
Borsa in pelle-borse pelle donna,Bologna-25-24x7x20-1,Verde oliva-Olive green-CAMT28,1.jpg,1.jpg,Sì,I:/Il mio Drive/MASTER Foto Prodotti\Borsa in pelle-borse pelle donna\Bologna-25-24x7x20-1\Verde oliva-Olive green-CAMT28\1.jpg
Borsa in pelle-borse pelle donna,Bologna-25-24x7x20-1,Blu-Blue-CAMT18,3.jpg,3.jpg,Sì,I:/Il mio Drive/MASTER Foto Prodotti\Borsa in pelle-borse pelle donna\Bologna-25-24x7x20-1\Blu-Blue-CAMT18\3.jpg
Borsa in pelle-borse pelle donna,Bologna-25-24x7x20-1,Blu-Blue-CAMT18,2.jpg,2.jpg,Sì,I:/Il mio Drive/MASTER Foto Prodotti\Borsa in pelle-borse pelle donna\Bologna-25-24x7x20-1\Blu-Blue-CAMT18\2.jpg
Borsa in pelle-borse pelle donna,Bologna-25-24x7x20-1,Blu-Blue-CAMT18,1.jpg,1.jpg,Sì,I:/Il mio Drive/MASTER Foto Prodotti\Borsa in pelle-borse pelle donna\Bologna-25-24x7x20-1\Blu-Blue-CAMT18\1.jpg
Borsa in pelle-borse pelle donna,Bologna-25-24x7x20-1,Grigio-Grey-CAMT13,3.jpg,3.jpg,Sì,I:/Il mio Drive/MASTER Foto Prodotti\Borsa in pelle-borse pelle donna\Bologna-25-24x7x20-1\Grigio-Grey-CAMT13\3.jpg
Borsa in pelle-borse pelle donna,Bologna-25-24x7x20-1,Grigio-Grey-CAMT13,2.jpg,2.jpg,Sì,I:/Il mio Drive/MASTER Foto Prodotti\Borsa in pelle-borse pelle donna\Bologna-25-24x7x20-1\Grigio-Grey-CAMT13\2.jpg
Borsa in pelle-borse pelle donna,Bologna-25-24x7x20-1,Grigio-Grey-CAMT13,1.jpg,1.jpg,Sì,I:/Il mio Drive/MASTER Foto Prodotti\Borsa in pelle-borse pelle donna\Bologna-25-24x7x20-1\Grigio-Grey-CAMT13\1.jpg
Borsa in pelle-borse pelle donna,Bologna-25-24x7x20-1,Verde-Green-CAMT7,3.jpg,3.jpg,Sì,I:/Il mio Drive/MASTER Foto Prodotti\Borsa in pelle-borse pelle donna\Bologna-25-24x7x20-1\Verde-Green-CAMT7\3.jpg
Borsa in pelle-borse pelle donna,Bologna-25-24x7x20-1,Verde-Green-CAMT7,2.jpg,2.jpg,Sì,I:/Il mio Drive/MASTER Foto Prodotti\Borsa in pelle-borse pelle donna\Bologna-25-24x7x20-1\Verde-Green-CAMT7\2.jpg
Borsa in pelle-borse pelle donna,Bologna-25-24x7x20-1,Verde-Green-CAMT7,1.jpg,1.jpg,Sì,I:/Il mio Drive/MASTER Foto Prodotti\Borsa in pelle-borse pelle donna\Bologna-25-24x7x20-1\Verde-Green-CAMT7\1.jpg
Borsa in pelle-borse pelle donna,Bologna-25-24x7x20-1,Azzurro-Light Blue-CAMT8,3.jpg,3.jpg,Sì,I:/Il mio Drive/MASTER Foto Prodotti\Borsa in pelle-borse pelle donna\Bologna-25-24x7x20-1\Azzurro-Light Blue-CAMT8\3.jpg
Borsa in pelle-borse pelle donna,Bologna-25-24x7x20-1,Azzurro-Light Blue-CAMT8,2.jpg,2.jpg,Sì,I:/Il mio Drive/MASTER Foto Prodotti\Borsa in pelle-borse pelle donna\Bologna-25-24x7x20-1\Azzurro-Light Blue-CAMT8\2.jpg
Borsa in pelle-borse pelle donna,Bologna-25-24x7x20-1,Azzurro-Light Blue-CAMT8,1.jpg,1.jpg,Sì,I:/Il mio Drive/MASTER Foto Prodotti\Borsa in pelle-borse pelle donna\Bologna-25-24x7x20-1\Azzurro-Light Blue-CAMT8\1.jpg
Borsa in pelle-borse pelle donna,Letteria-XX-25x4x17-1,Multicolore rosso-Multicolor red-BD3711RBM,3.jpg,3.jpg,Sì,I:/Il mio Drive/MASTER Foto Prodotti\Borsa in pelle-borse pelle donna\Letteria-XX-25x4x17-1\Multicolore rosso-Multicolor red-BD3711RBM\3.jpg
Borsa in pelle-borse pelle donna,Letteria-XX-25x4x17-1,Multicolore rosso-Multicolor red-BD3711RBM,2.jpg,2.jpg,Sì,I:/Il mio Drive/MASTER Foto Prodotti\Borsa in pelle-borse pelle donna\Letteria-XX-25x4x17-1\Multicolore rosso-Multicolor red-BD3711RBM\2.jpg
Borsa in pelle-borse pelle donna,Letteria-XX-25x4x17-1,Multicolore rosso-Multicolor red-BD3711RBM,1.jpg,1.jpg,Sì,I:/Il mio Drive/MASTER Foto Prodotti\Borsa in pelle-borse pelle donna\Letteria-XX-25x4x17-1\Multicolore rosso-Multicolor red-BD3711RBM\1.jpg
Borsa in pelle-borse pelle donna,Letteria-XX-25x4x17-1,Multicolore rosa-Multicolorpink-BD3711RBR,3.jpg,3.jpg,Sì,I:/Il mio Drive/MASTER Foto Prodotti\Borsa in pelle-borse pelle donna\Letteria-XX-25x4x17-1\Multicolore rosa-Multicolorpink-BD3711RBR\3.jpg
Borsa in pelle-borse pelle donna,Letteria-XX-25x4x17-1,Multicolore rosa-Multicolorpink-BD3711RBR,2.jpg,2.jpg,Sì,I:/Il mio Drive/MASTER Foto Prodotti\Borsa in pelle-borse pelle donna\Letteria-XX-25x4x17-1\Multicolore rosa-Multicolorpink-BD3711RBR\2.jpg
Borsa in pelle-borse pelle donna,Letteria-XX-25x4x17-1,Multicolore rosa-Multicolorpink-BD3711RBR,1.jpg,1.jpg,Sì,I:/Il mio Drive/MASTER Foto Prodotti\Borsa in pelle-borse pelle donna\Letteria-XX-25x4x17-1\Multicolore rosa-Multicolorpink-BD3711RBR\1.jpg
Borsa in pelle-borse pelle donna,Letteria-XX-25x4x17-1,Nero-Black-BD3711R1,3.jpg,3.jpg,Sì,I:/Il mio Drive/MASTER Foto Prodotti\Borsa in pelle-borse pelle donna\Letteria-XX-25x4x17-1\Nero-Black-BD3711R1\3.jpg
Borsa in pelle-borse pelle donna,Letteria-XX-25x4x17-1,Nero-Black-BD3711R1,2.jpg,2.jpg,Sì,I:/Il mio Drive/MASTER Foto Prodotti\Borsa in pelle-borse pelle donna\Letteria-XX-25x4x17-1\Nero-Black-BD3711R1\2.jpg
Borsa in pelle-borse pelle donna,Letteria-XX-25x4x17-1,Nero-Black-BD3711R1,1.jpg,1.jpg,Sì,I:/Il mio Drive/MASTER Foto Prodotti\Borsa in pelle-borse pelle donna\Letteria-XX-25x4x17-1\Nero-Black-BD3711R1\1.jpg
Borsa in pelle-borse pelle donna,Flavia-87-26x14x22-1,Multicolore fucsia-Multicolor fuchsia-BD3526PR30,2.jpg,2.jpg,Sì,I:/Il mio Drive/MASTER Foto Prodotti\Borsa in pelle-borse pelle donna\Flavia-87-26x14x22-1\Multicolore fucsia-Multicolor fuchsia-BD3526PR30\2.jpg
Borsa in pelle-borse pelle donna,Flavia-87-26x14x22-1,Multicolore fucsia-Multicolor fuchsia-BD3526PR30,3.jpg,3.jpg,Sì,I:/Il mio Drive/MASTER Foto Prodotti\Borsa in pelle-borse pelle donna\Flavia-87-26x14x22-1\Multicolore fucsia-Multicolor fuchsia-BD3526PR30\3.jpg
Borsa in pelle-borse pelle donna,Flavia-87-26x14x22-1,Multicolore fucsia-Multicolor fuchsia-BD3526PR30,1.jpg,1.jpg,Sì,I:/Il mio Drive/MASTER Foto Prodotti\Borsa in pelle-borse pelle donna\Flavia-87-26x14x22-1\Multicolore fucsia-Multicolor fuchsia-BD3526PR30\1.jpg
Borsa in pelle-borse pelle donna,Flavia-87-26x14x22-1,Multicolore arancione-Multicolor orange-BD3526PR24,2.jpg,2.jpg,Sì,I:/Il mio Drive/MASTER Foto Prodotti\Borsa in pelle-borse pelle donna\Flavia-87-26x14x22-1\Multicolore arancione-Multicolor orange-BD3526PR24\2.jpg
Borsa in pelle-borse pelle donna,Flavia-87-26x14x22-1,Multicolore arancione-Multicolor orange-BD3526PR24,3.jpg,3.jpg,Sì,I:/Il mio Drive/MASTER Foto Prodotti\Borsa in pelle-borse pelle donna\Flavia-87-26x14x22-1\Multicolore arancione-Multicolor orange-BD3526PR24\3.jpg
Borsa in pelle-borse pelle donna,Flavia-87-26x14x22-1,Multicolore arancione-Multicolor orange-BD3526PR24,1.jpg,1.jpg,Sì,I:/Il mio Drive/MASTER Foto Prodotti\Borsa in pelle-borse pelle donna\Flavia-87-26x14x22-1\Multicolore arancione-Multicolor orange-BD3526PR24\1.jpg
Borsa in pelle-borse pelle donna,Flavia-87-26x14x22-1,Multicolore rosa-Multicolor pink-BD3526PR9,3.jpg,3.jpg,Sì,I:/Il mio Drive/MASTER Foto Prodotti\Borsa in pelle-borse pelle donna\Flavia-87-26x14x22-1\Multicolore rosa-Multicolor pink-BD3526PR9\3.jpg
Borsa in pelle-borse pelle donna,Flavia-87-26x14x22-1,Multicolore rosa-Multicolor pink-BD3526PR9,2.jpg,2.jpg,Sì,I:/Il mio Drive/MASTER Foto Prodotti\Borsa in pelle-borse pelle donna\Flavia-87-26x14x22-1\Multicolore rosa-Multicolor pink-BD3526PR9\2.jpg
Borsa in pelle-borse pelle donna,Flavia-87-26x14x22-1,Multicolore rosa-Multicolor pink-BD3526PR9,1.jpg,1.jpg,Sì,I:/Il mio Drive/MASTER Foto Prodotti\Borsa in pelle-borse pelle donna\Flavia-87-26x14x22-1\Multicolore rosa-Multicolor pink-BD3526PR9\1.jpg
Borsa in pelle-borse pelle donna,Flavia-87-26x14x22-1,Multicolore verde-Multicolor green-BD3526PR7,3.jpg,3.jpg,Sì,I:/Il mio Drive/MASTER Foto Prodotti\Borsa in pelle-borse pelle donna\Flavia-87-26x14x22-1\Multicolore verde-Multicolor green-BD3526PR7\3.jpg
Borsa in pelle-borse pelle donna,Flavia-87-26x14x22-1,Multicolore verde-Multicolor green-BD3526PR7,2.jpg,2.jpg,Sì,I:/Il mio Drive/MASTER Foto Prodotti\Borsa in pelle-borse pelle donna\Flavia-87-26x14x22-1\Multicolore verde-Multicolor green-BD3526PR7\2.jpg
Borsa in pelle-borse pelle donna,Flavia-87-26x14x22-1,Multicolore verde-Multicolor green-BD3526PR7,1.jpg,1.jpg,Sì,I:/Il mio Drive/MASTER Foto Prodotti\Borsa in pelle-borse pelle donna\Flavia-87-26x14x22-1\Multicolore verde-Multicolor green-BD3526PR7\1.jpg
Borsa in pelle-borse pelle donna,Flavia-87-26x14x22-1,Multicolore nero-Multicolor black-BD3526PR1,3.jpg,3.jpg,Sì,I:/Il mio Drive/MASTER Foto Prodotti\Borsa in pelle-borse pelle donna\Flavia-87-26x14x22-1\Multicolore nero-Multicolor black-BD3526PR1\3.jpg
Borsa in pelle-borse pelle donna,Flavia-87-26x14x22-1,Multicolore nero-Multicolor black-BD3526PR1,2.jpg,2.jpg,Sì,I:/Il mio Drive/MASTER Foto Prodotti\Borsa in pelle-borse pelle donna\Flavia-87-26x14x22-1\Multicolore nero-Multicolor black-BD3526PR1\2.jpg
Borsa in pelle-borse pelle donna,Flavia-87-26x14x22-1,Multicolore nero-Multicolor black-BD3526PR1,1.jpg,1.jpg,Sì,I:/Il mio Drive/MASTER Foto Prodotti\Borsa in pelle-borse pelle donna\Flavia-87-26x14x22-1\Multicolore nero-Multicolor black-BD3526PR1\1.jpg
Borsa in pelle-borse pelle donna,Helena-65-35x16x26-1,Panna-Cream-BD01901D19,3.jpg,3.jpg,Sì,I:/Il mio Drive/MASTER Foto Prodotti\Borsa in pelle-borse pelle donna\Helena-65-35x16x26-1\Panna-Cream-BD01901D19\3.jpg
Borsa in pelle-borse pelle donna,Helena-65-35x16x26-1,Panna-Cream-BD01901D19,1.jpg,1.jpg,Sì,I:/Il mio Drive/MASTER Foto Prodotti\Borsa in pelle-borse pelle donna\Helena-65-35x16x26-1\Panna-Cream-BD01901D19\1.jpg
Borsa in pelle-borse pelle donna,Helena-65-35x16x26-1,Panna-Cream-BD01901D19,2.jpg,2.jpg,Sì,I:/Il mio Drive/MASTER Foto Prodotti\Borsa in pelle-borse pelle donna\Helena-65-35x16x26-1\Panna-Cream-BD01901D19\2.jpg
Borsa in pelle-borse pelle donna,Helena-65-35x16x26-1,Giallo-Yellow-BD01901D6,3.jpg,3.jpg,Sì,I:/Il mio Drive/MASTER Foto Prodotti\Borsa in pelle-borse pelle donna\Helena-65-35x16x26-1\Giallo-Yellow-BD01901D6\3.jpg
Borsa in pelle-borse pelle donna,Helena-65-35x16x26-1,Giallo-Yellow-BD01901D6,2.jpg,2.jpg,Sì,I:/Il mio Drive/MASTER Foto Prodotti\Borsa in pelle-borse pelle donna\Helena-65-35x16x26-1\Giallo-Yellow-BD01901D6\2.jpg
Borsa in pelle-borse pelle donna,Helena-65-35x16x26-1,Giallo-Yellow-BD01901D6,1.jpg,1.jpg,Sì,I:/Il mio Drive/MASTER Foto Prodotti\Borsa in pelle-borse pelle donna\Helena-65-35x16x26-1\Giallo-Yellow-BD01901D6\1.jpg
Borsa in pelle-borse pelle donna,Helena-65-35x16x26-1,Bianco-White-BD01901D12,3.jpg,3.jpg,Sì,I:/Il mio Drive/MASTER Foto Prodotti\Borsa in pelle-borse pelle donna\Helena-65-35x16x26-1\Bianco-White-BD01901D12\3.jpg
Borsa in pelle-borse pelle donna,Helena-65-35x16x26-1,Bianco-White-BD01901D12,1.jpg,1.jpg,Sì,I:/Il mio Drive/MASTER Foto Prodotti\Borsa in pelle-borse pelle donna\Helena-65-35x16x26-1\Bianco-White-BD01901D12\1.jpg
Borsa in pelle-borse pelle donna,Helena-65-35x16x26-1,Bianco-White-BD01901D12,2.jpg,2.jpg,Sì,I:/Il mio Drive/MASTER Foto Prodotti\Borsa in pelle-borse pelle donna\Helena-65-35x16x26-1\Bianco-White-BD01901D12\2.jpg
Borsa in pelle-borse pelle donna,Helena-65-35x16x26-1,Marrone-Brown-BD01901D3,3.jpg,3.jpg,Sì,I:/Il mio Drive/MASTER Foto Prodotti\Borsa in pelle-borse pelle donna\Helena-65-35x16x26-1\Marrone-Brown-BD01901D3\3.jpg
Borsa in pelle-borse pelle donna,Helena-65-35x16x26-1,Marrone-Brown-BD01901D3,2.jpg,2.jpg,Sì,I:/Il mio Drive/MASTER Foto Prodotti\Borsa in pelle-borse pelle donna\Helena-65-35x16x26-1\Marrone-Brown-BD01901D3\2.jpg
Borsa in pelle-borse pelle donna,Helena-65-35x16x26-1,Marrone-Brown-BD01901D3,1.jpg,1.jpg,Sì,I:/Il mio Drive/MASTER Foto Prodotti\Borsa in pelle-borse pelle donna\Helena-65-35x16x26-1\Marrone-Brown-BD01901D3\1.jpg
Borsa in pelle-borse pelle donna,Laura-XX-37x10x39-1,Blu-Blue-BD1639L5,2.jpg,2.jpg,Sì,I:/Il mio Drive/MASTER Foto Prodotti\Borsa in pelle-borse pelle donna\Laura-XX-37x10x39-1\Blu-Blue-BD1639L5\2.jpg
Borsa in pelle-borse pelle donna,Laura-XX-37x10x39-1,Blu-Blue-BD1639L5,3.jpg,3.jpg,Sì,I:/Il mio Drive/MASTER Foto Prodotti\Borsa in pelle-borse pelle donna\Laura-XX-37x10x39-1\Blu-Blue-BD1639L5\3.jpg
Borsa in pelle-borse pelle donna,Laura-XX-37x10x39-1,Blu-Blue-BD1639L5,1.jpg,1.jpg,Sì,I:/Il mio Drive/MASTER Foto Prodotti\Borsa in pelle-borse pelle donna\Laura-XX-37x10x39-1\Blu-Blue-BD1639L5\1.jpg
Borsa in pelle-borse pelle donna,Laura-XX-37x10x39-1,Nero-Black-BD1639L1,3.jpg,3.jpg,Sì,I:/Il mio Drive/MASTER Foto Prodotti\Borsa in pelle-borse pelle donna\Laura-XX-37x10x39-1\Nero-Black-BD1639L1\3.jpg
Borsa in pelle-borse pelle donna,Laura-XX-37x10x39-1,Nero-Black-BD1639L1,2.jpg,2.jpg,Sì,I:/Il mio Drive/MASTER Foto Prodotti\Borsa in pelle-borse pelle donna\Laura-XX-37x10x39-1\Nero-Black-BD1639L1\2.jpg
Borsa in pelle-borse pelle donna,Laura-XX-37x10x39-1,Nero-Black-BD1639L1,1.jpg,1.jpg,Sì,I:/Il mio Drive/MASTER Foto Prodotti\Borsa in pelle-borse pelle donna\Laura-XX-37x10x39-1\Nero-Black-BD1639L1\1.jpg
Borsa in pelle-borse pelle donna,Laura-XX-37x10x39-1,Naturale-Natural-BD1639L3,3.jpg,3.jpg,Sì,I:/Il mio Drive/MASTER Foto Prodotti\Borsa in pelle-borse pelle donna\Laura-XX-37x10x39-1\Naturale-Natural-BD1639L3\3.jpg
Borsa in pelle-borse pelle donna,Laura-XX-37x10x39-1,Naturale-Natural-BD1639L3,2.jpg,2.jpg,Sì,I:/Il mio Drive/MASTER Foto Prodotti\Borsa in pelle-borse pelle donna\Laura-XX-37x10x39-1\Naturale-Natural-BD1639L3\2.jpg
Borsa in pelle-borse pelle donna,Laura-XX-37x10x39-1,Naturale-Natural-BD1639L3,1.jpg,1.jpg,Sì,I:/Il mio Drive/MASTER Foto Prodotti\Borsa in pelle-borse pelle donna\Laura-XX-37x10x39-1\Naturale-Natural-BD1639L3\1.jpg
Borsa in pelle-borse pelle donna,Laura-XX-37x10x39-1,Marrone-Brown-BD1639L10,2.jpg,2.jpg,Sì,I:/Il mio Drive/MASTER Foto Prodotti\Borsa in pelle-borse pelle donna\Laura-XX-37x10x39-1\Marrone-Brown-BD1639L10\2.jpg
Borsa in pelle-borse pelle donna,Laura-XX-37x10x39-1,Marrone-Brown-BD1639L10,1.jpg,1.jpg,Sì,I:/Il mio Drive/MASTER Foto Prodotti\Borsa in pelle-borse pelle donna\Laura-XX-37x10x39-1\Marrone-Brown-BD1639L10\1.jpg
Borsa in pelle-borse pelle donna,Laura-XX-37x10x39-1,Marrone-Brown-BD1639L10,3.jpg,3.jpg,Sì,I:/Il mio Drive/MASTER Foto Prodotti\Borsa in pelle-borse pelle donna\Laura-XX-37x10x39-1\Marrone-Brown-BD1639L10\3.jpg
Borsa in pelle-borse pelle donna,Duetta-XX-22x9x16-1,Marrone-Brown-G0588FS-2,3.jpg,3.jpg,Sì,I:/Il mio Drive/MASTER Foto Prodotti\Borsa in pelle-borse pelle donna\Duetta-XX-22x9x16-1\Marrone-Brown-G0588FS-2\3.jpg
Borsa in pelle-borse pelle donna,Duetta-XX-22x9x16-1,Marrone-Brown-G0588FS-2,2.jpg,2.jpg,Sì,I:/Il mio Drive/MASTER Foto Prodotti\Borsa in pelle-borse pelle donna\Duetta-XX-22x9x16-1\Marrone-Brown-G0588FS-2\2.jpg
Borsa in pelle-borse pelle donna,Duetta-XX-22x9x16-1,Marrone-Brown-G0588FS-2,1.jpg,1.jpg,Sì,I:/Il mio Drive/MASTER Foto Prodotti\Borsa in pelle-borse pelle donna\Duetta-XX-22x9x16-1\Marrone-Brown-G0588FS-2\1.jpg
Borsa in pelle-borse pelle donna,Duetta-XX-22x9x16-1,Nero-Black-G0588FS-1,3.jpg,3.jpg,Sì,I:/Il mio Drive/MASTER Foto Prodotti\Borsa in pelle-borse pelle donna\Duetta-XX-22x9x16-1\Nero-Black-G0588FS-1\3.jpg
Borsa in pelle-borse pelle donna,Duetta-XX-22x9x16-1,Nero-Black-G0588FS-1,2.jpg,2.jpg,Sì,I:/Il mio Drive/MASTER Foto Prodotti\Borsa in pelle-borse pelle donna\Duetta-XX-22x9x16-1\Nero-Black-G0588FS-1\2.jpg
Borsa in pelle-borse pelle donna,Duetta-XX-22x9x16-1,Nero-Black-G0588FS-1,1.jpg,1.jpg,Sì,I:/Il mio Drive/MASTER Foto Prodotti\Borsa in pelle-borse pelle donna\Duetta-XX-22x9x16-1\Nero-Black-G0588FS-1\1.jpg
Borsa in pelle-borse pelle donna,Adele-74-26x8x17-1,Multicolore rosa-Multicolor pink-BD3689PR9,3.jpg,3.jpg,Sì,I:/Il mio Drive/MASTER Foto Prodotti\Borsa in pelle-borse pelle donna\Adele-74-26x8x17-1\Multicolore rosa-Multicolor pink-BD3689PR9\3.jpg
Borsa in pelle-borse pelle donna,Adele-74-26x8x17-1,Multicolore rosa-Multicolor pink-BD3689PR9,2.jpg,2.jpg,Sì,I:/Il mio Drive/MASTER Foto Prodotti\Borsa in pelle-borse pelle donna\Adele-74-26x8x17-1\Multicolore rosa-Multicolor pink-BD3689PR9\2.jpg
Borsa in pelle-borse pelle donna,Adele-74-26x8x17-1,Multicolore rosa-Multicolor pink-BD3689PR9,1.jpg,1.jpg,Sì,I:/Il mio Drive/MASTER Foto Prodotti\Borsa in pelle-borse pelle donna\Adele-74-26x8x17-1\Multicolore rosa-Multicolor pink-BD3689PR9\1.jpg
Borsa in pelle-borse pelle donna,Adele-74-26x8x17-1,Multicolore verde-Multicolor green-BD3689PR7,3.jpg,3.jpg,Sì,I:/Il mio Drive/MASTER Foto Prodotti\Borsa in pelle-borse pelle donna\Adele-74-26x8x17-1\Multicolore verde-Multicolor green-BD3689PR7\3.jpg
Borsa in pelle-borse pelle donna,Adele-74-26x8x17-1,Multicolore verde-Multicolor green-BD3689PR7,2.jpg,2.jpg,Sì,I:/Il mio Drive/MASTER Foto Prodotti\Borsa in pelle-borse pelle donna\Adele-74-26x8x17-1\Multicolore verde-Multicolor green-BD3689PR7\2.jpg
Borsa in pelle-borse pelle donna,Adele-74-26x8x17-1,Multicolore verde-Multicolor green-BD3689PR7,1.jpg,1.jpg,Sì,I:/Il mio Drive/MASTER Foto Prodotti\Borsa in pelle-borse pelle donna\Adele-74-26x8x17-1\Multicolore verde-Multicolor green-BD3689PR7\1.jpg
Borsa in pelle-borse pelle donna,Adele-74-26x8x17-1,Multicolore nero-Multicolor black-BD3689PR1,3.jpg,3.jpg,Sì,I:/Il mio Drive/MASTER Foto Prodotti\Borsa in pelle-borse pelle donna\Adele-74-26x8x17-1\Multicolore nero-Multicolor black-BD3689PR1\3.jpg
Borsa in pelle-borse pelle donna,Adele-74-26x8x17-1,Multicolore nero-Multicolor black-BD3689PR1,1.jpg,1.jpg,Sì,I:/Il mio Drive/MASTER Foto Prodotti\Borsa in pelle-borse pelle donna\Adele-74-26x8x17-1\Multicolore nero-Multicolor black-BD3689PR1\1.jpg
Borsa in pelle-borse pelle donna,Adele-74-26x8x17-1,Multicolore nero-Multicolor black-BD3689PR1,2.jpg,2.jpg,Sì,I:/Il mio Drive/MASTER Foto Prodotti\Borsa in pelle-borse pelle donna\Adele-74-26x8x17-1\Multicolore nero-Multicolor black-BD3689PR1\2.jpg
Borsa in pelle-borse pelle donna,Adele-74-26x8x17-1,Multicolore arancione-Multicolor orange-BD3689PR24,3.jpg,3.jpg,Sì,I:/Il mio Drive/MASTER Foto Prodotti\Borsa in pelle-borse pelle donna\Adele-74-26x8x17-1\Multicolore arancione-Multicolor orange-BD3689PR24\3.jpg
Borsa in pelle-borse pelle donna,Adele-74-26x8x17-1,Multicolore arancione-Multicolor orange-BD3689PR24,1.jpg,1.jpg,Sì,I:/Il mio Drive/MASTER Foto Prodotti\Borsa in pelle-borse pelle donna\Adele-74-26x8x17-1\Multicolore arancione-Multicolor orange-BD3689PR24\1.jpg
Borsa in pelle-borse pelle donna,Adele-74-26x8x17-1,Multicolore arancione-Multicolor orange-BD3689PR24,2.jpg,2.jpg,Sì,I:/Il mio Drive/MASTER Foto Prodotti\Borsa in pelle-borse pelle donna\Adele-74-26x8x17-1\Multicolore arancione-Multicolor orange-BD3689PR24\2.jpg
Borsa in pelle-borse pelle donna,Adele-74-26x8x17-1,Multicolore fucsia-Multicolor fuchsia-BD3689PR30,2.jpg,2.jpg,Sì,I:/Il mio Drive/MASTER Foto Prodotti\Borsa in pelle-borse pelle donna\Adele-74-26x8x17-1\Multicolore fucsia-Multicolor fuchsia-BD3689PR30\2.jpg
Borsa in pelle-borse pelle donna,Adele-74-26x8x17-1,Multicolore fucsia-Multicolor fuchsia-BD3689PR30,3.jpg,3.jpg,Sì,I:/Il mio Drive/MASTER Foto Prodotti\Borsa in pelle-borse pelle donna\Adele-74-26x8x17-1\Multicolore fucsia-Multicolor fuchsia-BD3689PR30\3.jpg
Borsa in pelle-borse pelle donna,Adele-74-26x8x17-1,Multicolore fucsia-Multicolor fuchsia-BD3689PR30,1.jpg,1.jpg,Sì,I:/Il mio Drive/MASTER Foto Prodotti\Borsa in pelle-borse pelle donna\Adele-74-26x8x17-1\Multicolore fucsia-Multicolor fuchsia-BD3689PR30\1.jpg
Borsa in pelle-borse pelle donna,"Alba-59-19,5x7,5x12-1",Multicolore rosa-Multicolor pink-BD3392PR9,IMG_0007_7.jpg,IMG_0007_7.jpg,No,"I:/Il mio Drive/MASTER Foto Prodotti\Borsa in pelle-borse pelle donna\Alba-59-19,5x7,5x12-1\Multicolore rosa-Multicolor pink-BD3392PR9\IMG_0007_7.jpg"
Borsa in pelle-borse pelle donna,"Alba-59-19,5x7,5x12-1",Multicolore rosa-Multicolor pink-BD3392PR9,2025_06_11_0014.jpg,2025_06_11_0014.jpg,No,"I:/Il mio Drive/MASTER Foto Prodotti\Borsa in pelle-borse pelle donna\Alba-59-19,5x7,5x12-1\Multicolore rosa-Multicolor pink-BD3392PR9\2025_06_11_0014.jpg"
Borsa in pelle-borse pelle donna,"Alba-59-19,5x7,5x12-1",Multicolore rosa-Multicolor pink-BD3392PR9,2025_06_11_0010.jpg,2025_06_11_0010.jpg,No,"I:/Il mio Drive/MASTER Foto Prodotti\Borsa in pelle-borse pelle donna\Alba-59-19,5x7,5x12-1\Multicolore rosa-Multicolor pink-BD3392PR9\2025_06_11_0010.jpg"
Borsa in pelle-borse pelle donna,"Alba-59-19,5x7,5x12-1",Multicolore fucsia-Multicolor fuchsia-BD3392PR30,IMG_0008_7.jpg,IMG_0008_7.jpg,No,"I:/Il mio Drive/MASTER Foto Prodotti\Borsa in pelle-borse pelle donna\Alba-59-19,5x7,5x12-1\Multicolore fucsia-Multicolor fuchsia-BD3392PR30\IMG_0008_7.jpg"
Borsa in pelle-borse pelle donna,"Alba-59-19,5x7,5x12-1",Multicolore fucsia-Multicolor fuchsia-BD3392PR30,2025_06_11_0013.jpg,2025_06_11_0013.jpg,No,"I:/Il mio Drive/MASTER Foto Prodotti\Borsa in pelle-borse pelle donna\Alba-59-19,5x7,5x12-1\Multicolore fucsia-Multicolor fuchsia-BD3392PR30\2025_06_11_0013.jpg"
Borsa in pelle-borse pelle donna,"Alba-59-19,5x7,5x12-1",Multicolore fucsia-Multicolor fuchsia-BD3392PR30,2025_06_11_0009.jpg,2025_06_11_0009.jpg,No,"I:/Il mio Drive/MASTER Foto Prodotti\Borsa in pelle-borse pelle donna\Alba-59-19,5x7,5x12-1\Multicolore fucsia-Multicolor fuchsia-BD3392PR30\2025_06_11_0009.jpg"
Borsa in pelle-borse pelle donna,"Alba-59-19,5x7,5x12-1",Multicolore verde-Multicolor green-BD3392PR7,IMG_0001_5.jpg,IMG_0001_5.jpg,No,"I:/Il mio Drive/MASTER Foto Prodotti\Borsa in pelle-borse pelle donna\Alba-59-19,5x7,5x12-1\Multicolore verde-Multicolor green-BD3392PR7\IMG_0001_5.jpg"
Borsa in pelle-borse pelle donna,"Alba-59-19,5x7,5x12-1",Multicolore verde-Multicolor green-BD3392PR7,2025_06_11_0017.jpg,2025_06_11_0017.jpg,No,"I:/Il mio Drive/MASTER Foto Prodotti\Borsa in pelle-borse pelle donna\Alba-59-19,5x7,5x12-1\Multicolore verde-Multicolor green-BD3392PR7\2025_06_11_0017.jpg"
Borsa in pelle-borse pelle donna,"Alba-59-19,5x7,5x12-1",Multicolore verde-Multicolor green-BD3392PR7,2025_06_11_0008.jpg,2025_06_11_0008.jpg,No,"I:/Il mio Drive/MASTER Foto Prodotti\Borsa in pelle-borse pelle donna\Alba-59-19,5x7,5x12-1\Multicolore verde-Multicolor green-BD3392PR7\2025_06_11_0008.jpg"
Borsa in pelle-borse pelle donna,"Alba-59-19,5x7,5x12-1",Multicolore arancione-Multicolor orange-BD3392PR24,IMG_0005_7.jpg,IMG_0005_7.jpg,No,"I:/Il mio Drive/MASTER Foto Prodotti\Borsa in pelle-borse pelle donna\Alba-59-19,5x7,5x12-1\Multicolore arancione-Multicolor orange-BD3392PR24\IMG_0005_7.jpg"
Borsa in pelle-borse pelle donna,"Alba-59-19,5x7,5x12-1",Multicolore arancione-Multicolor orange-BD3392PR24,2025_06_11_0015.jpg,2025_06_11_0015.jpg,No,"I:/Il mio Drive/MASTER Foto Prodotti\Borsa in pelle-borse pelle donna\Alba-59-19,5x7,5x12-1\Multicolore arancione-Multicolor orange-BD3392PR24\2025_06_11_0015.jpg"
Borsa in pelle-borse pelle donna,"Alba-59-19,5x7,5x12-1",Multicolore arancione-Multicolor orange-BD3392PR24,2025_06_11_0012.jpg,2025_06_11_0012.jpg,No,"I:/Il mio Drive/MASTER Foto Prodotti\Borsa in pelle-borse pelle donna\Alba-59-19,5x7,5x12-1\Multicolore arancione-Multicolor orange-BD3392PR24\2025_06_11_0012.jpg"
Borsa in pelle-borse pelle donna,"Alba-59-19,5x7,5x12-1",Multicolore nero-Multicolor black-BD3392PR1,IMG_0004_7.jpg,IMG_0004_7.jpg,No,"I:/Il mio Drive/MASTER Foto Prodotti\Borsa in pelle-borse pelle donna\Alba-59-19,5x7,5x12-1\Multicolore nero-Multicolor black-BD3392PR1\IMG_0004_7.jpg"
Borsa in pelle-borse pelle donna,"Alba-59-19,5x7,5x12-1",Multicolore nero-Multicolor black-BD3392PR1,2025_06_11_0016.jpg,2025_06_11_0016.jpg,No,"I:/Il mio Drive/MASTER Foto Prodotti\Borsa in pelle-borse pelle donna\Alba-59-19,5x7,5x12-1\Multicolore nero-Multicolor black-BD3392PR1\2025_06_11_0016.jpg"
Borsa in pelle-borse pelle donna,"Alba-59-19,5x7,5x12-1",Multicolore nero-Multicolor black-BD3392PR1,2025_06_11_0005.jpg,2025_06_11_0005.jpg,No,"I:/Il mio Drive/MASTER Foto Prodotti\Borsa in pelle-borse pelle donna\Alba-59-19,5x7,5x12-1\Multicolore nero-Multicolor black-BD3392PR1\2025_06_11_0005.jpg"
Borsa in pelle-borse pelle donna,Siviglia-74-42x15x27-1,Nero-Black-BD2164V1,2.jpg,2.jpg,Sì,I:/Il mio Drive/MASTER Foto Prodotti\Borsa in pelle-borse pelle donna\Siviglia-74-42x15x27-1\Nero-Black-BD2164V1\2.jpg
Borsa in pelle-borse pelle donna,Siviglia-74-42x15x27-1,Nero-Black-BD2164V1,3.jpg,3.jpg,Sì,I:/Il mio Drive/MASTER Foto Prodotti\Borsa in pelle-borse pelle donna\Siviglia-74-42x15x27-1\Nero-Black-BD2164V1\3.jpg
Borsa in pelle-borse pelle donna,Siviglia-74-42x15x27-1,Nero-Black-BD2164V1,1.jpg,1.jpg,Sì,I:/Il mio Drive/MASTER Foto Prodotti\Borsa in pelle-borse pelle donna\Siviglia-74-42x15x27-1\Nero-Black-BD2164V1\1.jpg
Borsa in pelle-borse pelle donna,Siviglia-74-42x15x27-1,Rosso-Red-BD2164V4,2.jpg,2.jpg,Sì,I:/Il mio Drive/MASTER Foto Prodotti\Borsa in pelle-borse pelle donna\Siviglia-74-42x15x27-1\Rosso-Red-BD2164V4\2.jpg
Borsa in pelle-borse pelle donna,Siviglia-74-42x15x27-1,Rosso-Red-BD2164V4,3.jpg,3.jpg,Sì,I:/Il mio Drive/MASTER Foto Prodotti\Borsa in pelle-borse pelle donna\Siviglia-74-42x15x27-1\Rosso-Red-BD2164V4\3.jpg
Borsa in pelle-borse pelle donna,Siviglia-74-42x15x27-1,Rosso-Red-BD2164V4,1.jpg,1.jpg,Sì,I:/Il mio Drive/MASTER Foto Prodotti\Borsa in pelle-borse pelle donna\Siviglia-74-42x15x27-1\Rosso-Red-BD2164V4\1.jpg
Borsa in pelle-borse pelle donna,Siviglia-74-42x15x27-1,Marrone-Brown-BD2164V2,3.jpg,3.jpg,Sì,I:/Il mio Drive/MASTER Foto Prodotti\Borsa in pelle-borse pelle donna\Siviglia-74-42x15x27-1\Marrone-Brown-BD2164V2\3.jpg
Borsa in pelle-borse pelle donna,Siviglia-74-42x15x27-1,Marrone-Brown-BD2164V2,1.jpg,1.jpg,Sì,I:/Il mio Drive/MASTER Foto Prodotti\Borsa in pelle-borse pelle donna\Siviglia-74-42x15x27-1\Marrone-Brown-BD2164V2\1.jpg
Borsa in pelle-borse pelle donna,Siviglia-74-42x15x27-1,Marrone-Brown-BD2164V2,2.jpg,2.jpg,Sì,I:/Il mio Drive/MASTER Foto Prodotti\Borsa in pelle-borse pelle donna\Siviglia-74-42x15x27-1\Marrone-Brown-BD2164V2\2.jpg
Borsa in pelle-borse pelle donna,Luna-29-34x7x15-1,Verde-Green-BD012V7,2.jpg,2.jpg,Sì,I:/Il mio Drive/MASTER Foto Prodotti\Borsa in pelle-borse pelle donna\Luna-29-34x7x15-1\Verde-Green-BD012V7\2.jpg
Borsa in pelle-borse pelle donna,Luna-29-34x7x15-1,Verde-Green-BD012V7,3.jpg,3.jpg,Sì,I:/Il mio Drive/MASTER Foto Prodotti\Borsa in pelle-borse pelle donna\Luna-29-34x7x15-1\Verde-Green-BD012V7\3.jpg
Borsa in pelle-borse pelle donna,Luna-29-34x7x15-1,Verde-Green-BD012V7,1.jpg,1.jpg,Sì,I:/Il mio Drive/MASTER Foto Prodotti\Borsa in pelle-borse pelle donna\Luna-29-34x7x15-1\Verde-Green-BD012V7\1.jpg
Borsa in pelle-borse pelle donna,Luna-29-34x7x15-1,Miele-Honey-BD012V3,3.jpg,3.jpg,Sì,I:/Il mio Drive/MASTER Foto Prodotti\Borsa in pelle-borse pelle donna\Luna-29-34x7x15-1\Miele-Honey-BD012V3\3.jpg
Borsa in pelle-borse pelle donna,Luna-29-34x7x15-1,Miele-Honey-BD012V3,2.jpg,2.jpg,Sì,I:/Il mio Drive/MASTER Foto Prodotti\Borsa in pelle-borse pelle donna\Luna-29-34x7x15-1\Miele-Honey-BD012V3\2.jpg
Borsa in pelle-borse pelle donna,Luna-29-34x7x15-1,Miele-Honey-BD012V3,1.jpg,1.jpg,Sì,I:/Il mio Drive/MASTER Foto Prodotti\Borsa in pelle-borse pelle donna\Luna-29-34x7x15-1\Miele-Honey-BD012V3\1.jpg
Borsa in pelle-borse pelle donna,Luna-29-34x7x15-1,Marrone-Brown-BD012V2,3.jpg,3.jpg,Sì,I:/Il mio Drive/MASTER Foto Prodotti\Borsa in pelle-borse pelle donna\Luna-29-34x7x15-1\Marrone-Brown-BD012V2\3.jpg
Borsa in pelle-borse pelle donna,Luna-29-34x7x15-1,Marrone-Brown-BD012V2,2.jpg,2.jpg,Sì,I:/Il mio Drive/MASTER Foto Prodotti\Borsa in pelle-borse pelle donna\Luna-29-34x7x15-1\Marrone-Brown-BD012V2\2.jpg
Borsa in pelle-borse pelle donna,Luna-29-34x7x15-1,Marrone-Brown-BD012V2,1.jpg,1.jpg,Sì,I:/Il mio Drive/MASTER Foto Prodotti\Borsa in pelle-borse pelle donna\Luna-29-34x7x15-1\Marrone-Brown-BD012V2\1.jpg
Borsa in pelle-borse pelle donna,Luna-29-34x7x15-1,Nero-Black-BD012V1,2.jpg,2.jpg,Sì,I:/Il mio Drive/MASTER Foto Prodotti\Borsa in pelle-borse pelle donna\Luna-29-34x7x15-1\Nero-Black-BD012V1\2.jpg
Borsa in pelle-borse pelle donna,Luna-29-34x7x15-1,Nero-Black-BD012V1,3.jpg,3.jpg,Sì,I:/Il mio Drive/MASTER Foto Prodotti\Borsa in pelle-borse pelle donna\Luna-29-34x7x15-1\Nero-Black-BD012V1\3.jpg
Borsa in pelle-borse pelle donna,Luna-29-34x7x15-1,Nero-Black-BD012V1,1.jpg,1.jpg,Sì,I:/Il mio Drive/MASTER Foto Prodotti\Borsa in pelle-borse pelle donna\Luna-29-34x7x15-1\Nero-Black-BD012V1\1.jpg
Borsa in pelle-borse pelle donna,Luna-29-34x7x15-1,Rosso-Red-BD012V4,2.jpg,2.jpg,Sì,I:/Il mio Drive/MASTER Foto Prodotti\Borsa in pelle-borse pelle donna\Luna-29-34x7x15-1\Rosso-Red-BD012V4\2.jpg
Borsa in pelle-borse pelle donna,Luna-29-34x7x15-1,Rosso-Red-BD012V4,3.jpg,3.jpg,Sì,I:/Il mio Drive/MASTER Foto Prodotti\Borsa in pelle-borse pelle donna\Luna-29-34x7x15-1\Rosso-Red-BD012V4\3.jpg
Borsa in pelle-borse pelle donna,Luna-29-34x7x15-1,Rosso-Red-BD012V4,1.jpg,1.jpg,Sì,I:/Il mio Drive/MASTER Foto Prodotti\Borsa in pelle-borse pelle donna\Luna-29-34x7x15-1\Rosso-Red-BD012V4\1.jpg
Borsa in pelle-borse pelle donna,Luna-29-34x7x15-1,Giallo-Yellow-BD012V6,2.jpg,2.jpg,Sì,I:/Il mio Drive/MASTER Foto Prodotti\Borsa in pelle-borse pelle donna\Luna-29-34x7x15-1\Giallo-Yellow-BD012V6\2.jpg
Borsa in pelle-borse pelle donna,Luna-29-34x7x15-1,Giallo-Yellow-BD012V6,3.jpg,3.jpg,Sì,I:/Il mio Drive/MASTER Foto Prodotti\Borsa in pelle-borse pelle donna\Luna-29-34x7x15-1\Giallo-Yellow-BD012V6\3.jpg
Borsa in pelle-borse pelle donna,Luna-29-34x7x15-1,Giallo-Yellow-BD012V6,1.jpg,1.jpg,Sì,I:/Il mio Drive/MASTER Foto Prodotti\Borsa in pelle-borse pelle donna\Luna-29-34x7x15-1\Giallo-Yellow-BD012V6\1.jpg
Borsa in pelle-borse pelle donna,Serafina-87-31x10x22-1,Multicolore arancione-Multicolor orange-BD3514PR24,3.jpg,3.jpg,Sì,I:/Il mio Drive/MASTER Foto Prodotti\Borsa in pelle-borse pelle donna\Serafina-87-31x10x22-1\Multicolore arancione-Multicolor orange-BD3514PR24\3.jpg
Borsa in pelle-borse pelle donna,Serafina-87-31x10x22-1,Multicolore arancione-Multicolor orange-BD3514PR24,1.jpg,1.jpg,Sì,I:/Il mio Drive/MASTER Foto Prodotti\Borsa in pelle-borse pelle donna\Serafina-87-31x10x22-1\Multicolore arancione-Multicolor orange-BD3514PR24\1.jpg
Borsa in pelle-borse pelle donna,Serafina-87-31x10x22-1,Multicolore arancione-Multicolor orange-BD3514PR24,2.jpg,2.jpg,Sì,I:/Il mio Drive/MASTER Foto Prodotti\Borsa in pelle-borse pelle donna\Serafina-87-31x10x22-1\Multicolore arancione-Multicolor orange-BD3514PR24\2.jpg
Borsa in pelle-borse pelle donna,Serafina-87-31x10x22-1,Multicolore nero-Multicolor black-BD3514PR1,3.jpg,3.jpg,Sì,I:/Il mio Drive/MASTER Foto Prodotti\Borsa in pelle-borse pelle donna\Serafina-87-31x10x22-1\Multicolore nero-Multicolor black-BD3514PR1\3.jpg
Borsa in pelle-borse pelle donna,Serafina-87-31x10x22-1,Multicolore nero-Multicolor black-BD3514PR1,1.jpg,1.jpg,Sì,I:/Il mio Drive/MASTER Foto Prodotti\Borsa in pelle-borse pelle donna\Serafina-87-31x10x22-1\Multicolore nero-Multicolor black-BD3514PR1\1.jpg
Borsa in pelle-borse pelle donna,Serafina-87-31x10x22-1,Multicolore nero-Multicolor black-BD3514PR1,2.jpg,2.jpg,Sì,I:/Il mio Drive/MASTER Foto Prodotti\Borsa in pelle-borse pelle donna\Serafina-87-31x10x22-1\Multicolore nero-Multicolor black-BD3514PR1\2.jpg
Borsa in pelle-borse pelle donna,Serafina-87-31x10x22-1,Multicolore rosa-Multicolor pink-BD3514PR9,1.jpg,1.jpg,Sì,I:/Il mio Drive/MASTER Foto Prodotti\Borsa in pelle-borse pelle donna\Serafina-87-31x10x22-1\Multicolore rosa-Multicolor pink-BD3514PR9\1.jpg
Borsa in pelle-borse pelle donna,Serafina-87-31x10x22-1,Multicolore rosa-Multicolor pink-BD3514PR9,2.jpg,2.jpg,Sì,I:/Il mio Drive/MASTER Foto Prodotti\Borsa in pelle-borse pelle donna\Serafina-87-31x10x22-1\Multicolore rosa-Multicolor pink-BD3514PR9\2.jpg
Borsa in pelle-borse pelle donna,Serafina-87-31x10x22-1,Multicolore rosa-Multicolor pink-BD3514PR9,3.jpg,3.jpg,Sì,I:/Il mio Drive/MASTER Foto Prodotti\Borsa in pelle-borse pelle donna\Serafina-87-31x10x22-1\Multicolore rosa-Multicolor pink-BD3514PR9\3.jpg
Borsa in pelle-borse pelle donna,Serafina-87-31x10x22-1,Multicolore fucsia-Multicolor fuchsia-BD3514PR30,3.jpg,3.jpg,Sì,I:/Il mio Drive/MASTER Foto Prodotti\Borsa in pelle-borse pelle donna\Serafina-87-31x10x22-1\Multicolore fucsia-Multicolor fuchsia-BD3514PR30\3.jpg
Borsa in pelle-borse pelle donna,Serafina-87-31x10x22-1,Multicolore fucsia-Multicolor fuchsia-BD3514PR30,2.jpg,2.jpg,Sì,I:/Il mio Drive/MASTER Foto Prodotti\Borsa in pelle-borse pelle donna\Serafina-87-31x10x22-1\Multicolore fucsia-Multicolor fuchsia-BD3514PR30\2.jpg
Borsa in pelle-borse pelle donna,Serafina-87-31x10x22-1,Multicolore fucsia-Multicolor fuchsia-BD3514PR30,1.jpg,1.jpg,Sì,I:/Il mio Drive/MASTER Foto Prodotti\Borsa in pelle-borse pelle donna\Serafina-87-31x10x22-1\Multicolore fucsia-Multicolor fuchsia-BD3514PR30\1.jpg
Borsa in pelle-borse pelle donna,"Gemina-XX-26,5x12x18-1",Marrone-Brown-G0588F2,2025_06_17_0278.jpg,2025_06_17_0278.jpg,No,"I:/Il mio Drive/MASTER Foto Prodotti\Borsa in pelle-borse pelle donna\Gemina-XX-26,5x12x18-1\Marrone-Brown-G0588F2\2025_06_17_0278.jpg"
Borsa in pelle-borse pelle donna,"Gemina-XX-26,5x12x18-1",Marrone-Brown-G0588F2,2025_06_17_0276.jpg,2025_06_17_0276.jpg,No,"I:/Il mio Drive/MASTER Foto Prodotti\Borsa in pelle-borse pelle donna\Gemina-XX-26,5x12x18-1\Marrone-Brown-G0588F2\2025_06_17_0276.jpg"
Borsa in pelle-borse pelle donna,"Gemina-XX-26,5x12x18-1",Marrone-Brown-G0588F2,2025_06_17_0282.jpg,2025_06_17_0282.jpg,No,"I:/Il mio Drive/MASTER Foto Prodotti\Borsa in pelle-borse pelle donna\Gemina-XX-26,5x12x18-1\Marrone-Brown-G0588F2\2025_06_17_0282.jpg"
Borsa in pelle-borse pelle donna,Marilia-XX-25x11x19-1,Marrone-Brown-BD2854V2,3.jpg,3.jpg,Sì,I:/Il mio Drive/MASTER Foto Prodotti\Borsa in pelle-borse pelle donna\Marilia-XX-25x11x19-1\Marrone-Brown-BD2854V2\3.jpg
Borsa in pelle-borse pelle donna,Marilia-XX-25x11x19-1,Marrone-Brown-BD2854V2,2.jpg,2.jpg,Sì,I:/Il mio Drive/MASTER Foto Prodotti\Borsa in pelle-borse pelle donna\Marilia-XX-25x11x19-1\Marrone-Brown-BD2854V2\2.jpg
Borsa in pelle-borse pelle donna,Marilia-XX-25x11x19-1,Marrone-Brown-BD2854V2,4.jpg,4.jpg,Sì,I:/Il mio Drive/MASTER Foto Prodotti\Borsa in pelle-borse pelle donna\Marilia-XX-25x11x19-1\Marrone-Brown-BD2854V2\4.jpg
Borsa in pelle-borse pelle donna,Marilia-XX-25x11x19-1,Marrone-Brown-BD2854V2,1.jpg,1.jpg,Sì,I:/Il mio Drive/MASTER Foto Prodotti\Borsa in pelle-borse pelle donna\Marilia-XX-25x11x19-1\Marrone-Brown-BD2854V2\1.jpg
Borsa in pelle-borse pelle donna,"Maida-XX-22,5x9x21-1",Nero-Black-FIR13D1,3.jpg,3.jpg,Sì,"I:/Il mio Drive/MASTER Foto Prodotti\Borsa in pelle-borse pelle donna\Maida-XX-22,5x9x21-1\Nero-Black-FIR13D1\3.jpg"
Borsa in pelle-borse pelle donna,"Maida-XX-22,5x9x21-1",Nero-Black-FIR13D1,2.jpg,2.jpg,Sì,"I:/Il mio Drive/MASTER Foto Prodotti\Borsa in pelle-borse pelle donna\Maida-XX-22,5x9x21-1\Nero-Black-FIR13D1\2.jpg"
Borsa in pelle-borse pelle donna,"Maida-XX-22,5x9x21-1",Nero-Black-FIR13D1,1.jpg,1.jpg,Sì,"I:/Il mio Drive/MASTER Foto Prodotti\Borsa in pelle-borse pelle donna\Maida-XX-22,5x9x21-1\Nero-Black-FIR13D1\1.jpg"
Borsa in pelle-borse pelle donna,"Maida-XX-22,5x9x21-1",Rosa-Pink-FIR13D9,3.jpg,3.jpg,Sì,"I:/Il mio Drive/MASTER Foto Prodotti\Borsa in pelle-borse pelle donna\Maida-XX-22,5x9x21-1\Rosa-Pink-FIR13D9\3.jpg"
Borsa in pelle-borse pelle donna,"Maida-XX-22,5x9x21-1",Rosa-Pink-FIR13D9,1.jpg,1.jpg,Sì,"I:/Il mio Drive/MASTER Foto Prodotti\Borsa in pelle-borse pelle donna\Maida-XX-22,5x9x21-1\Rosa-Pink-FIR13D9\1.jpg"
Borsa in pelle-borse pelle donna,"Maida-XX-22,5x9x21-1",Rosa-Pink-FIR13D9,2.jpg,2.jpg,Sì,"I:/Il mio Drive/MASTER Foto Prodotti\Borsa in pelle-borse pelle donna\Maida-XX-22,5x9x21-1\Rosa-Pink-FIR13D9\2.jpg"
Borsa in pelle-borse pelle donna,"Maida-XX-22,5x9x21-1",Beige-Beige-FIR12D19,2.jpg,2.jpg,Sì,"I:/Il mio Drive/MASTER Foto Prodotti\Borsa in pelle-borse pelle donna\Maida-XX-22,5x9x21-1\Beige-Beige-FIR12D19\2.jpg"
Borsa in pelle-borse pelle donna,"Maida-XX-22,5x9x21-1",Beige-Beige-FIR12D19,3.jpg,3.jpg,Sì,"I:/Il mio Drive/MASTER Foto Prodotti\Borsa in pelle-borse pelle donna\Maida-XX-22,5x9x21-1\Beige-Beige-FIR12D19\3.jpg"
Borsa in pelle-borse pelle donna,"Maida-XX-22,5x9x21-1",Beige-Beige-FIR12D19,1.jpg,1.jpg,Sì,"I:/Il mio Drive/MASTER Foto Prodotti\Borsa in pelle-borse pelle donna\Maida-XX-22,5x9x21-1\Beige-Beige-FIR12D19\1.jpg"
Borsa in pelle-borse pelle donna,"Maida-XX-22,5x9x21-1",Marrone-Brown-FIR13D3,2.jpg,2.jpg,Sì,"I:/Il mio Drive/MASTER Foto Prodotti\Borsa in pelle-borse pelle donna\Maida-XX-22,5x9x21-1\Marrone-Brown-FIR13D3\2.jpg"
Borsa in pelle-borse pelle donna,"Maida-XX-22,5x9x21-1",Marrone-Brown-FIR13D3,1.jpg,1.jpg,Sì,"I:/Il mio Drive/MASTER Foto Prodotti\Borsa in pelle-borse pelle donna\Maida-XX-22,5x9x21-1\Marrone-Brown-FIR13D3\1.jpg"
Borsa in pelle-borse pelle donna,"Maida-XX-22,5x9x21-1",Marrone-Brown-FIR13D3,3.jpg,3.jpg,Sì,"I:/Il mio Drive/MASTER Foto Prodotti\Borsa in pelle-borse pelle donna\Maida-XX-22,5x9x21-1\Marrone-Brown-FIR13D3\3.jpg"
Borsa in pelle-borse pelle donna,"Maida-XX-22,5x9x21-1",Verde-Green-FIR13D14,3.jpg,3.jpg,Sì,"I:/Il mio Drive/MASTER Foto Prodotti\Borsa in pelle-borse pelle donna\Maida-XX-22,5x9x21-1\Verde-Green-FIR13D14\3.jpg"
Borsa in pelle-borse pelle donna,"Maida-XX-22,5x9x21-1",Verde-Green-FIR13D14,2.jpg,2.jpg,Sì,"I:/Il mio Drive/MASTER Foto Prodotti\Borsa in pelle-borse pelle donna\Maida-XX-22,5x9x21-1\Verde-Green-FIR13D14\2.jpg"
Borsa in pelle-borse pelle donna,"Maida-XX-22,5x9x21-1",Verde-Green-FIR13D14,1.jpg,1.jpg,Sì,"I:/Il mio Drive/MASTER Foto Prodotti\Borsa in pelle-borse pelle donna\Maida-XX-22,5x9x21-1\Verde-Green-FIR13D14\1.jpg"
Borsa in pelle-borse pelle donna,"Milano-26-20,5x6,5x15-1",Oro-Gold-CAMC20,1.jpg,1.jpg,Sì,"I:/Il mio Drive/MASTER Foto Prodotti\Borsa in pelle-borse pelle donna\Milano-26-20,5x6,5x15-1\Oro-Gold-CAMC20\1.jpg"
Borsa in pelle-borse pelle donna,"Milano-26-20,5x6,5x15-1",Oro-Gold-CAMC20,2.jpg,2.jpg,Sì,"I:/Il mio Drive/MASTER Foto Prodotti\Borsa in pelle-borse pelle donna\Milano-26-20,5x6,5x15-1\Oro-Gold-CAMC20\2.jpg"
Borsa in pelle-borse pelle donna,"Milano-26-20,5x6,5x15-1",Oro-Gold-CAMC20,3.jpg,3.jpg,Sì,"I:/Il mio Drive/MASTER Foto Prodotti\Borsa in pelle-borse pelle donna\Milano-26-20,5x6,5x15-1\Oro-Gold-CAMC20\3.jpg"
Borsa in pelle-borse pelle donna,"Milano-26-20,5x6,5x15-1",Naturale-Natural-CAMC3,3.jpg,3.jpg,Sì,"I:/Il mio Drive/MASTER Foto Prodotti\Borsa in pelle-borse pelle donna\Milano-26-20,5x6,5x15-1\Naturale-Natural-CAMC3\3.jpg"
Borsa in pelle-borse pelle donna,"Milano-26-20,5x6,5x15-1",Naturale-Natural-CAMC3,2.jpg,2.jpg,Sì,"I:/Il mio Drive/MASTER Foto Prodotti\Borsa in pelle-borse pelle donna\Milano-26-20,5x6,5x15-1\Naturale-Natural-CAMC3\2.jpg"
Borsa in pelle-borse pelle donna,"Milano-26-20,5x6,5x15-1",Naturale-Natural-CAMC3,1.jpg,1.jpg,Sì,"I:/Il mio Drive/MASTER Foto Prodotti\Borsa in pelle-borse pelle donna\Milano-26-20,5x6,5x15-1\Naturale-Natural-CAMC3\1.jpg"
Borsa in pelle-borse pelle donna,Alejandra-45-30x12x35-1,Marrone-Brown-ZD308V2,3.jpg,3.jpg,Sì,I:/Il mio Drive/MASTER Foto Prodotti\Borsa in pelle-borse pelle donna\Alejandra-45-30x12x35-1\Marrone-Brown-ZD308V2\3.jpg
Borsa in pelle-borse pelle donna,Alejandra-45-30x12x35-1,Marrone-Brown-ZD308V2,1.jpg,1.jpg,Sì,I:/Il mio Drive/MASTER Foto Prodotti\Borsa in pelle-borse pelle donna\Alejandra-45-30x12x35-1\Marrone-Brown-ZD308V2\1.jpg
Borsa in pelle-borse pelle donna,Alejandra-45-30x12x35-1,Marrone-Brown-ZD308V2,2.jpg,2.jpg,Sì,I:/Il mio Drive/MASTER Foto Prodotti\Borsa in pelle-borse pelle donna\Alejandra-45-30x12x35-1\Marrone-Brown-ZD308V2\2.jpg
Borsa in pelle-borse pelle donna,Marea-XX-43X3X55-1,Testa di moro-Brown-BD1638L2,3.jpg,3.jpg,Sì,I:/Il mio Drive/MASTER Foto Prodotti\Borsa in pelle-borse pelle donna\Marea-XX-43X3X55-1\Testa di moro-Brown-BD1638L2\3.jpg
Borsa in pelle-borse pelle donna,Marea-XX-43X3X55-1,Testa di moro-Brown-BD1638L2,1.jpg,1.jpg,Sì,I:/Il mio Drive/MASTER Foto Prodotti\Borsa in pelle-borse pelle donna\Marea-XX-43X3X55-1\Testa di moro-Brown-BD1638L2\1.jpg
Borsa in pelle-borse pelle donna,Marea-XX-43X3X55-1,Testa di moro-Brown-BD1638L2,2.jpg,2.jpg,Sì,I:/Il mio Drive/MASTER Foto Prodotti\Borsa in pelle-borse pelle donna\Marea-XX-43X3X55-1\Testa di moro-Brown-BD1638L2\2.jpg
Borsa in pelle-borse pelle donna,Marea-XX-43X3X55-1,Rosso-Red-BD1638L4,2.jpg,2.jpg,Sì,I:/Il mio Drive/MASTER Foto Prodotti\Borsa in pelle-borse pelle donna\Marea-XX-43X3X55-1\Rosso-Red-BD1638L4\2.jpg
Borsa in pelle-borse pelle donna,Marea-XX-43X3X55-1,Rosso-Red-BD1638L4,1.jpg,1.jpg,Sì,I:/Il mio Drive/MASTER Foto Prodotti\Borsa in pelle-borse pelle donna\Marea-XX-43X3X55-1\Rosso-Red-BD1638L4\1.jpg
Borsa in pelle-borse pelle donna,Marea-XX-43X3X55-1,Rosso-Red-BD1638L4,3.jpg,3.jpg,Sì,I:/Il mio Drive/MASTER Foto Prodotti\Borsa in pelle-borse pelle donna\Marea-XX-43X3X55-1\Rosso-Red-BD1638L4\3.jpg
Borsa in pelle-borse pelle donna,Marea-XX-43X3X55-1,Naturale-Natural-BD1638L3,2.jpg,2.jpg,Sì,I:/Il mio Drive/MASTER Foto Prodotti\Borsa in pelle-borse pelle donna\Marea-XX-43X3X55-1\Naturale-Natural-BD1638L3\2.jpg
Borsa in pelle-borse pelle donna,Marea-XX-43X3X55-1,Naturale-Natural-BD1638L3,1.jpg,1.jpg,Sì,I:/Il mio Drive/MASTER Foto Prodotti\Borsa in pelle-borse pelle donna\Marea-XX-43X3X55-1\Naturale-Natural-BD1638L3\1.jpg
Borsa in pelle-borse pelle donna,Marea-XX-43X3X55-1,Naturale-Natural-BD1638L3,3.jpg,3.jpg,Sì,I:/Il mio Drive/MASTER Foto Prodotti\Borsa in pelle-borse pelle donna\Marea-XX-43X3X55-1\Naturale-Natural-BD1638L3\3.jpg
Borsa in pelle-borse pelle donna,"Delia-XX-47x16,5x29-1",Blu-Blue-BD1265D5,2.jpg,2.jpg,Sì,"I:/Il mio Drive/MASTER Foto Prodotti\Borsa in pelle-borse pelle donna\Delia-XX-47x16,5x29-1\Blu-Blue-BD1265D5\2.jpg"
Borsa in pelle-borse pelle donna,"Delia-XX-47x16,5x29-1",Blu-Blue-BD1265D5,3.jpg,3.jpg,Sì,"I:/Il mio Drive/MASTER Foto Prodotti\Borsa in pelle-borse pelle donna\Delia-XX-47x16,5x29-1\Blu-Blue-BD1265D5\3.jpg"
Borsa in pelle-borse pelle donna,"Delia-XX-47x16,5x29-1",Blu-Blue-BD1265D5,1.jpg,1.jpg,Sì,"I:/Il mio Drive/MASTER Foto Prodotti\Borsa in pelle-borse pelle donna\Delia-XX-47x16,5x29-1\Blu-Blue-BD1265D5\1.jpg"
Borsa in pelle-borse pelle donna,"Delia-XX-47x16,5x29-1",Rosa-Pink-BD1265D9,3.jpg,3.jpg,Sì,"I:/Il mio Drive/MASTER Foto Prodotti\Borsa in pelle-borse pelle donna\Delia-XX-47x16,5x29-1\Rosa-Pink-BD1265D9\3.jpg"
Borsa in pelle-borse pelle donna,"Delia-XX-47x16,5x29-1",Rosa-Pink-BD1265D9,2.jpg,2.jpg,Sì,"I:/Il mio Drive/MASTER Foto Prodotti\Borsa in pelle-borse pelle donna\Delia-XX-47x16,5x29-1\Rosa-Pink-BD1265D9\2.jpg"
Borsa in pelle-borse pelle donna,"Delia-XX-47x16,5x29-1",Rosa-Pink-BD1265D9,1.jpg,1.jpg,Sì,"I:/Il mio Drive/MASTER Foto Prodotti\Borsa in pelle-borse pelle donna\Delia-XX-47x16,5x29-1\Rosa-Pink-BD1265D9\1.jpg"
Borsa in pelle-borse pelle donna,"Delia-XX-47x16,5x29-1",Nero-Black-BD1265D1,2.jpg,2.jpg,Sì,"I:/Il mio Drive/MASTER Foto Prodotti\Borsa in pelle-borse pelle donna\Delia-XX-47x16,5x29-1\Nero-Black-BD1265D1\2.jpg"
Borsa in pelle-borse pelle donna,"Delia-XX-47x16,5x29-1",Nero-Black-BD1265D1,3.jpg,3.jpg,Sì,"I:/Il mio Drive/MASTER Foto Prodotti\Borsa in pelle-borse pelle donna\Delia-XX-47x16,5x29-1\Nero-Black-BD1265D1\3.jpg"
Borsa in pelle-borse pelle donna,"Delia-XX-47x16,5x29-1",Nero-Black-BD1265D1,1.jpg,1.jpg,Sì,"I:/Il mio Drive/MASTER Foto Prodotti\Borsa in pelle-borse pelle donna\Delia-XX-47x16,5x29-1\Nero-Black-BD1265D1\1.jpg"
Borsa in pelle-borse pelle donna,"Delia-XX-47x16,5x29-1",Bianco-White-BD1265D19,2.jpg,2.jpg,Sì,"I:/Il mio Drive/MASTER Foto Prodotti\Borsa in pelle-borse pelle donna\Delia-XX-47x16,5x29-1\Bianco-White-BD1265D19\2.jpg"
Borsa in pelle-borse pelle donna,"Delia-XX-47x16,5x29-1",Bianco-White-BD1265D19,1.jpg,1.jpg,Sì,"I:/Il mio Drive/MASTER Foto Prodotti\Borsa in pelle-borse pelle donna\Delia-XX-47x16,5x29-1\Bianco-White-BD1265D19\1.jpg"
Borsa in pelle-borse pelle donna,Belen-38-26x6x20-1,Blu-Blue-BD1920D5,2025_06_18_0343.jpg,2025_06_18_0343.jpg,No,I:/Il mio Drive/MASTER Foto Prodotti\Borsa in pelle-borse pelle donna\Belen-38-26x6x20-1\Blu-Blue-BD1920D5\2025_06_18_0343.jpg
Borsa in pelle-borse pelle donna,Belen-38-26x6x20-1,Blu-Blue-BD1920D5,2025_06_18_0341.jpg,2025_06_18_0341.jpg,No,I:/Il mio Drive/MASTER Foto Prodotti\Borsa in pelle-borse pelle donna\Belen-38-26x6x20-1\Blu-Blue-BD1920D5\2025_06_18_0341.jpg
Borsa in pelle-borse pelle donna,Belen-38-26x6x20-1,Blu-Blue-BD1920D5,2025_06_18_0338.jpg,2025_06_18_0338.jpg,No,I:/Il mio Drive/MASTER Foto Prodotti\Borsa in pelle-borse pelle donna\Belen-38-26x6x20-1\Blu-Blue-BD1920D5\2025_06_18_0338.jpg
Borsa in pelle-borse pelle donna,Belen-38-26x6x20-1,Rosa-Pink-BD1920D9,2025_06_18_0345.jpg,2025_06_18_0345.jpg,No,I:/Il mio Drive/MASTER Foto Prodotti\Borsa in pelle-borse pelle donna\Belen-38-26x6x20-1\Rosa-Pink-BD1920D9\2025_06_18_0345.jpg
Borsa in pelle-borse pelle donna,Belen-38-26x6x20-1,Rosa-Pink-BD1920D9,2025_06_18_0328.jpg,2025_06_18_0328.jpg,No,I:/Il mio Drive/MASTER Foto Prodotti\Borsa in pelle-borse pelle donna\Belen-38-26x6x20-1\Rosa-Pink-BD1920D9\2025_06_18_0328.jpg
Borsa in pelle-borse pelle donna,Belen-38-26x6x20-1,Rosa-Pink-BD1920D9,2025_06_18_0327.jpg,2025_06_18_0327.jpg,No,I:/Il mio Drive/MASTER Foto Prodotti\Borsa in pelle-borse pelle donna\Belen-38-26x6x20-1\Rosa-Pink-BD1920D9\2025_06_18_0327.jpg
Borsa in pelle-borse pelle donna,Belen-38-26x6x20-1,Azzurro-Light blue-BD1920D8,2.jpg,2.jpg,Sì,I:/Il mio Drive/MASTER Foto Prodotti\Borsa in pelle-borse pelle donna\Belen-38-26x6x20-1\Azzurro-Light blue-BD1920D8\2.jpg
Borsa in pelle-borse pelle donna,Belen-38-26x6x20-1,Azzurro-Light blue-BD1920D8,1.jpg,1.jpg,Sì,I:/Il mio Drive/MASTER Foto Prodotti\Borsa in pelle-borse pelle donna\Belen-38-26x6x20-1\Azzurro-Light blue-BD1920D8\1.jpg
Borsa in pelle-borse pelle donna,Belen-38-26x6x20-1,Azzurro-Light blue-BD1920D8,3.jpg,3.jpg,Sì,I:/Il mio Drive/MASTER Foto Prodotti\Borsa in pelle-borse pelle donna\Belen-38-26x6x20-1\Azzurro-Light blue-BD1920D8\3.jpg
Portacarte-porta carte di credito,"Siro-XX-8,x1,5x8,5-2",Nero-Black-PP355SW1,2.jpg,2.jpg,Sì,"I:/Il mio Drive/MASTER Foto Prodotti\Portacarte-porta carte di credito\Siro-XX-8,x1,5x8,5-2\Nero-Black-PP355SW1\2.jpg"
Portacarte-porta carte di credito,"Siro-XX-8,x1,5x8,5-2",Nero-Black-PP355SW1,1.jpg,1.jpg,Sì,"I:/Il mio Drive/MASTER Foto Prodotti\Portacarte-porta carte di credito\Siro-XX-8,x1,5x8,5-2\Nero-Black-PP355SW1\1.jpg"
Portacarte-porta carte di credito,"Siro-XX-8,x1,5x8,5-2",Rosso-Red-PP355SW4,2.jpg,2.jpg,Sì,"I:/Il mio Drive/MASTER Foto Prodotti\Portacarte-porta carte di credito\Siro-XX-8,x1,5x8,5-2\Rosso-Red-PP355SW4\2.jpg"
Portacarte-porta carte di credito,"Siro-XX-8,x1,5x8,5-2",Rosso-Red-PP355SW4,1.jpg,1.jpg,Sì,"I:/Il mio Drive/MASTER Foto Prodotti\Portacarte-porta carte di credito\Siro-XX-8,x1,5x8,5-2\Rosso-Red-PP355SW4\1.jpg"
Portacarte-porta carte di credito,"Siro-XX-8,x1,5x8,5-2",Testa di moro-Brown-PP355SW10,2.jpg,2.jpg,Sì,"I:/Il mio Drive/MASTER Foto Prodotti\Portacarte-porta carte di credito\Siro-XX-8,x1,5x8,5-2\Testa di moro-Brown-PP355SW10\2.jpg"
Portacarte-porta carte di credito,"Siro-XX-8,x1,5x8,5-2",Testa di moro-Brown-PP355SW10,2025_06_12_0172.jpg,2025_06_12_0172.jpg,No,"I:/Il mio Drive/MASTER Foto Prodotti\Portacarte-porta carte di credito\Siro-XX-8,x1,5x8,5-2\Testa di moro-Brown-PP355SW10\2025_06_12_0172.jpg"
Portacarte-porta carte di credito,"Siro-XX-8,x1,5x8,5-2",Naturale-Natural-PP355SW3,2.jpg,2.jpg,Sì,"I:/Il mio Drive/MASTER Foto Prodotti\Portacarte-porta carte di credito\Siro-XX-8,x1,5x8,5-2\Naturale-Natural-PP355SW3\2.jpg"
Portacarte-porta carte di credito,"Siro-XX-8,x1,5x8,5-2",Naturale-Natural-PP355SW3,1.jpg,1.jpg,Sì,"I:/Il mio Drive/MASTER Foto Prodotti\Portacarte-porta carte di credito\Siro-XX-8,x1,5x8,5-2\Naturale-Natural-PP355SW3\1.jpg"
Portacarte-porta carte di credito,"Siro-XX-8,x1,5x8,5-2",Blu-Blue-PP355SW5,2.jpg,2.jpg,Sì,"I:/Il mio Drive/MASTER Foto Prodotti\Portacarte-porta carte di credito\Siro-XX-8,x1,5x8,5-2\Blu-Blue-PP355SW5\2.jpg"
Portacarte-porta carte di credito,"Siro-XX-8,x1,5x8,5-2",Blu-Blue-PP355SW5,1.jpg,1.jpg,Sì,"I:/Il mio Drive/MASTER Foto Prodotti\Portacarte-porta carte di credito\Siro-XX-8,x1,5x8,5-2\Blu-Blue-PP355SW5\1.jpg"
Borsa da viaggio in pelle-borse viaggio pelle,Vienna-99-50x25x34-1,Marrone-Brown-BV9854V2,3.jpg,3.jpg,Sì,I:/Il mio Drive/MASTER Foto Prodotti\Borsa da viaggio in pelle-borse viaggio pelle\Vienna-99-50x25x34-1\Marrone-Brown-BV9854V2\3.jpg
Borsa da viaggio in pelle-borse viaggio pelle,Vienna-99-50x25x34-1,Marrone-Brown-BV9854V2,2.jpg,2.jpg,Sì,I:/Il mio Drive/MASTER Foto Prodotti\Borsa da viaggio in pelle-borse viaggio pelle\Vienna-99-50x25x34-1\Marrone-Brown-BV9854V2\2.jpg
Borsa da viaggio in pelle-borse viaggio pelle,Vienna-99-50x25x34-1,Marrone-Brown-BV9854V2,1.jpg,1.jpg,Sì,I:/Il mio Drive/MASTER Foto Prodotti\Borsa da viaggio in pelle-borse viaggio pelle\Vienna-99-50x25x34-1\Marrone-Brown-BV9854V2\1.jpg
Portafoglio in pelle-portafogli donna pelle,"Contessa-20-10,5x3,5x15-2",Bianco-White-PD6532D12,3.jpg,3.jpg,Sì,"I:/Il mio Drive/MASTER Foto Prodotti\Portafoglio in pelle-portafogli donna pelle\Contessa-20-10,5x3,5x15-2\Bianco-White-PD6532D12\3.jpg"
Portafoglio in pelle-portafogli donna pelle,"Contessa-20-10,5x3,5x15-2",Bianco-White-PD6532D12,2.jpg,2.jpg,Sì,"I:/Il mio Drive/MASTER Foto Prodotti\Portafoglio in pelle-portafogli donna pelle\Contessa-20-10,5x3,5x15-2\Bianco-White-PD6532D12\2.jpg"
Portafoglio in pelle-portafogli donna pelle,"Contessa-20-10,5x3,5x15-2",Bianco-White-PD6532D12,1.jpg,1.jpg,Sì,"I:/Il mio Drive/MASTER Foto Prodotti\Portafoglio in pelle-portafogli donna pelle\Contessa-20-10,5x3,5x15-2\Bianco-White-PD6532D12\1.jpg"
Portafoglio in pelle-portafogli donna pelle,"Contessa-20-10,5x3,5x15-2",Rosso-Red-PD6532D4,3.jpg,3.jpg,Sì,"I:/Il mio Drive/MASTER Foto Prodotti\Portafoglio in pelle-portafogli donna pelle\Contessa-20-10,5x3,5x15-2\Rosso-Red-PD6532D4\3.jpg"
Portafoglio in pelle-portafogli donna pelle,"Contessa-20-10,5x3,5x15-2",Rosso-Red-PD6532D4,2.jpg,2.jpg,Sì,"I:/Il mio Drive/MASTER Foto Prodotti\Portafoglio in pelle-portafogli donna pelle\Contessa-20-10,5x3,5x15-2\Rosso-Red-PD6532D4\2.jpg"
Portafoglio in pelle-portafogli donna pelle,"Contessa-20-10,5x3,5x15-2",Rosso-Red-PD6532D4,1.jpg,1.jpg,Sì,"I:/Il mio Drive/MASTER Foto Prodotti\Portafoglio in pelle-portafogli donna pelle\Contessa-20-10,5x3,5x15-2\Rosso-Red-PD6532D4\1.jpg"
Portafoglio in pelle-portafogli donna pelle,"Contessa-20-10,5x3,5x15-2",Azzurro-Light Blue-PD6532D8,3.jpg,3.jpg,Sì,"I:/Il mio Drive/MASTER Foto Prodotti\Portafoglio in pelle-portafogli donna pelle\Contessa-20-10,5x3,5x15-2\Azzurro-Light Blue-PD6532D8\3.jpg"
Portafoglio in pelle-portafogli donna pelle,"Contessa-20-10,5x3,5x15-2",Azzurro-Light Blue-PD6532D8,2.jpg,2.jpg,Sì,"I:/Il mio Drive/MASTER Foto Prodotti\Portafoglio in pelle-portafogli donna pelle\Contessa-20-10,5x3,5x15-2\Azzurro-Light Blue-PD6532D8\2.jpg"
Portafoglio in pelle-portafogli donna pelle,"Contessa-20-10,5x3,5x15-2",Azzurro-Light Blue-PD6532D8,1.jpg,1.jpg,Sì,"I:/Il mio Drive/MASTER Foto Prodotti\Portafoglio in pelle-portafogli donna pelle\Contessa-20-10,5x3,5x15-2\Azzurro-Light Blue-PD6532D8\1.jpg"
Portafoglio in pelle-portafogli donna pelle,"Contessa-20-10,5x3,5x15-2",Giallo-Yellow-PD6532D6,3.jpg,3.jpg,Sì,"I:/Il mio Drive/MASTER Foto Prodotti\Portafoglio in pelle-portafogli donna pelle\Contessa-20-10,5x3,5x15-2\Giallo-Yellow-PD6532D6\3.jpg"
Portafoglio in pelle-portafogli donna pelle,"Contessa-20-10,5x3,5x15-2",Giallo-Yellow-PD6532D6,2.jpg,2.jpg,Sì,"I:/Il mio Drive/MASTER Foto Prodotti\Portafoglio in pelle-portafogli donna pelle\Contessa-20-10,5x3,5x15-2\Giallo-Yellow-PD6532D6\2.jpg"
Portafoglio in pelle-portafogli donna pelle,"Contessa-20-10,5x3,5x15-2",Giallo-Yellow-PD6532D6,1.jpg,1.jpg,Sì,"I:/Il mio Drive/MASTER Foto Prodotti\Portafoglio in pelle-portafogli donna pelle\Contessa-20-10,5x3,5x15-2\Giallo-Yellow-PD6532D6\1.jpg"
Portafoglio in pelle-portafogli donna pelle,"Contessa-20-10,5x3,5x15-2",Nero-Black-PD6532D1,3.jpg,3.jpg,Sì,"I:/Il mio Drive/MASTER Foto Prodotti\Portafoglio in pelle-portafogli donna pelle\Contessa-20-10,5x3,5x15-2\Nero-Black-PD6532D1\3.jpg"
Portafoglio in pelle-portafogli donna pelle,"Contessa-20-10,5x3,5x15-2",Nero-Black-PD6532D1,2.jpg,2.jpg,Sì,"I:/Il mio Drive/MASTER Foto Prodotti\Portafoglio in pelle-portafogli donna pelle\Contessa-20-10,5x3,5x15-2\Nero-Black-PD6532D1\2.jpg"
Portafoglio in pelle-portafogli donna pelle,"Contessa-20-10,5x3,5x15-2",Nero-Black-PD6532D1,1.jpg,1.jpg,Sì,"I:/Il mio Drive/MASTER Foto Prodotti\Portafoglio in pelle-portafogli donna pelle\Contessa-20-10,5x3,5x15-2\Nero-Black-PD6532D1\1.jpg"
Portafoglio in pelle-portafogli donna pelle,"Contessa-20-10,5x3,5x15-2",Rosa-Pink-PD6532D9,3.jpg,3.jpg,Sì,"I:/Il mio Drive/MASTER Foto Prodotti\Portafoglio in pelle-portafogli donna pelle\Contessa-20-10,5x3,5x15-2\Rosa-Pink-PD6532D9\3.jpg"
Portafoglio in pelle-portafogli donna pelle,"Contessa-20-10,5x3,5x15-2",Rosa-Pink-PD6532D9,1.jpg,1.jpg,Sì,"I:/Il mio Drive/MASTER Foto Prodotti\Portafoglio in pelle-portafogli donna pelle\Contessa-20-10,5x3,5x15-2\Rosa-Pink-PD6532D9\1.jpg"
Portafoglio in pelle-portafogli donna pelle,"Contessa-20-10,5x3,5x15-2",Rosa-Pink-PD6532D9,2.jpg,2.jpg,Sì,"I:/Il mio Drive/MASTER Foto Prodotti\Portafoglio in pelle-portafogli donna pelle\Contessa-20-10,5x3,5x15-2\Rosa-Pink-PD6532D9\2.jpg"
Portafoglio in pelle-portafogli donna pelle,Archimede-XX-10x4x18-2,Nero-Black-PD2080W1,4.jpg,4.jpg,Sì,I:/Il mio Drive/MASTER Foto Prodotti\Portafoglio in pelle-portafogli donna pelle\Archimede-XX-10x4x18-2\Nero-Black-PD2080W1\4.jpg
Portafoglio in pelle-portafogli donna pelle,Archimede-XX-10x4x18-2,Nero-Black-PD2080W1,2.jpg,2.jpg,Sì,I:/Il mio Drive/MASTER Foto Prodotti\Portafoglio in pelle-portafogli donna pelle\Archimede-XX-10x4x18-2\Nero-Black-PD2080W1\2.jpg
Portafoglio in pelle-portafogli donna pelle,Archimede-XX-10x4x18-2,Nero-Black-PD2080W1,3.jpg,3.jpg,Sì,I:/Il mio Drive/MASTER Foto Prodotti\Portafoglio in pelle-portafogli donna pelle\Archimede-XX-10x4x18-2\Nero-Black-PD2080W1\3.jpg
Portafoglio in pelle-portafogli donna pelle,Archimede-XX-10x4x18-2,Nero-Black-PD2080W1,1.jpg,1.jpg,Sì,I:/Il mio Drive/MASTER Foto Prodotti\Portafoglio in pelle-portafogli donna pelle\Archimede-XX-10x4x18-2\Nero-Black-PD2080W1\1.jpg
Portafoglio in pelle-portafogli donna pelle,Archimede-XX-10x4x18-2,Testa di moro-Brown-PD2080W10,4.jpg,4.jpg,Sì,I:/Il mio Drive/MASTER Foto Prodotti\Portafoglio in pelle-portafogli donna pelle\Archimede-XX-10x4x18-2\Testa di moro-Brown-PD2080W10\4.jpg
Portafoglio in pelle-portafogli donna pelle,Archimede-XX-10x4x18-2,Testa di moro-Brown-PD2080W10,3.jpg,3.jpg,Sì,I:/Il mio Drive/MASTER Foto Prodotti\Portafoglio in pelle-portafogli donna pelle\Archimede-XX-10x4x18-2\Testa di moro-Brown-PD2080W10\3.jpg
Portafoglio in pelle-portafogli donna pelle,Archimede-XX-10x4x18-2,Testa di moro-Brown-PD2080W10,2.jpg,2.jpg,Sì,I:/Il mio Drive/MASTER Foto Prodotti\Portafoglio in pelle-portafogli donna pelle\Archimede-XX-10x4x18-2\Testa di moro-Brown-PD2080W10\2.jpg
Portafoglio in pelle-portafogli donna pelle,Archimede-XX-10x4x18-2,Testa di moro-Brown-PD2080W10,1.jpg,1.jpg,Sì,I:/Il mio Drive/MASTER Foto Prodotti\Portafoglio in pelle-portafogli donna pelle\Archimede-XX-10x4x18-2\Testa di moro-Brown-PD2080W10\1.jpg
Portafoglio in pelle-portafogli donna pelle,Archimede-XX-10x4x18-2,Naturale-Natural-PD2080W3,4.jpg,4.jpg,Sì,I:/Il mio Drive/MASTER Foto Prodotti\Portafoglio in pelle-portafogli donna pelle\Archimede-XX-10x4x18-2\Naturale-Natural-PD2080W3\4.jpg
Portafoglio in pelle-portafogli donna pelle,Archimede-XX-10x4x18-2,Naturale-Natural-PD2080W3,3.jpg,3.jpg,Sì,I:/Il mio Drive/MASTER Foto Prodotti\Portafoglio in pelle-portafogli donna pelle\Archimede-XX-10x4x18-2\Naturale-Natural-PD2080W3\3.jpg
Portafoglio in pelle-portafogli donna pelle,Archimede-XX-10x4x18-2,Naturale-Natural-PD2080W3,2.jpg,2.jpg,Sì,I:/Il mio Drive/MASTER Foto Prodotti\Portafoglio in pelle-portafogli donna pelle\Archimede-XX-10x4x18-2\Naturale-Natural-PD2080W3\2.jpg
Portafoglio in pelle-portafogli donna pelle,Archimede-XX-10x4x18-2,Naturale-Natural-PD2080W3,1.jpg,1.jpg,Sì,I:/Il mio Drive/MASTER Foto Prodotti\Portafoglio in pelle-portafogli donna pelle\Archimede-XX-10x4x18-2\Naturale-Natural-PD2080W3\1.jpg
Portafoglio in pelle-portafogli donna pelle,Archimede-XX-10x4x18-2,Rosso-Red-PD2080W4,4.jpg,4.jpg,Sì,I:/Il mio Drive/MASTER Foto Prodotti\Portafoglio in pelle-portafogli donna pelle\Archimede-XX-10x4x18-2\Rosso-Red-PD2080W4\4.jpg
Portafoglio in pelle-portafogli donna pelle,Archimede-XX-10x4x18-2,Rosso-Red-PD2080W4,3.jpg,3.jpg,Sì,I:/Il mio Drive/MASTER Foto Prodotti\Portafoglio in pelle-portafogli donna pelle\Archimede-XX-10x4x18-2\Rosso-Red-PD2080W4\3.jpg
Portafoglio in pelle-portafogli donna pelle,Archimede-XX-10x4x18-2,Rosso-Red-PD2080W4,2.jpg,2.jpg,Sì,I:/Il mio Drive/MASTER Foto Prodotti\Portafoglio in pelle-portafogli donna pelle\Archimede-XX-10x4x18-2\Rosso-Red-PD2080W4\2.jpg
Portafoglio in pelle-portafogli donna pelle,Archimede-XX-10x4x18-2,Rosso-Red-PD2080W4,1.jpg,1.jpg,Sì,I:/Il mio Drive/MASTER Foto Prodotti\Portafoglio in pelle-portafogli donna pelle\Archimede-XX-10x4x18-2\Rosso-Red-PD2080W4\1.jpg
Portafoglio in pelle-portafogli donna pelle,"Aristea-XX-9,5x3x12-2",Nero-Black-PD167W1,3.jpg,3.jpg,Sì,"I:/Il mio Drive/MASTER Foto Prodotti\Portafoglio in pelle-portafogli donna pelle\Aristea-XX-9,5x3x12-2\Nero-Black-PD167W1\3.jpg"
Portafoglio in pelle-portafogli donna pelle,"Aristea-XX-9,5x3x12-2",Nero-Black-PD167W1,2.jpg,2.jpg,Sì,"I:/Il mio Drive/MASTER Foto Prodotti\Portafoglio in pelle-portafogli donna pelle\Aristea-XX-9,5x3x12-2\Nero-Black-PD167W1\2.jpg"
Portafoglio in pelle-portafogli donna pelle,"Aristea-XX-9,5x3x12-2",Nero-Black-PD167W1,1.jpg,1.jpg,Sì,"I:/Il mio Drive/MASTER Foto Prodotti\Portafoglio in pelle-portafogli donna pelle\Aristea-XX-9,5x3x12-2\Nero-Black-PD167W1\1.jpg"
Portafoglio in pelle-portafogli donna pelle,"Aristea-XX-9,5x3x12-2",Rosso-Red-PD167W4,3.jpg,3.jpg,Sì,"I:/Il mio Drive/MASTER Foto Prodotti\Portafoglio in pelle-portafogli donna pelle\Aristea-XX-9,5x3x12-2\Rosso-Red-PD167W4\3.jpg"
Portafoglio in pelle-portafogli donna pelle,"Aristea-XX-9,5x3x12-2",Rosso-Red-PD167W4,2.jpg,2.jpg,Sì,"I:/Il mio Drive/MASTER Foto Prodotti\Portafoglio in pelle-portafogli donna pelle\Aristea-XX-9,5x3x12-2\Rosso-Red-PD167W4\2.jpg"
Portafoglio in pelle-portafogli donna pelle,"Aristea-XX-9,5x3x12-2",Rosso-Red-PD167W4,1.jpg,1.jpg,Sì,"I:/Il mio Drive/MASTER Foto Prodotti\Portafoglio in pelle-portafogli donna pelle\Aristea-XX-9,5x3x12-2\Rosso-Red-PD167W4\1.jpg"
Portafoglio in pelle-portafogli donna pelle,"Aristea-XX-9,5x3x12-2",Testa di moro-Brown-PD167W10,3.jpg,3.jpg,Sì,"I:/Il mio Drive/MASTER Foto Prodotti\Portafoglio in pelle-portafogli donna pelle\Aristea-XX-9,5x3x12-2\Testa di moro-Brown-PD167W10\3.jpg"
Portafoglio in pelle-portafogli donna pelle,"Aristea-XX-9,5x3x12-2",Testa di moro-Brown-PD167W10,2.jpg,2.jpg,Sì,"I:/Il mio Drive/MASTER Foto Prodotti\Portafoglio in pelle-portafogli donna pelle\Aristea-XX-9,5x3x12-2\Testa di moro-Brown-PD167W10\2.jpg"
Portafoglio in pelle-portafogli donna pelle,"Aristea-XX-9,5x3x12-2",Testa di moro-Brown-PD167W10,1.jpg,1.jpg,Sì,"I:/Il mio Drive/MASTER Foto Prodotti\Portafoglio in pelle-portafogli donna pelle\Aristea-XX-9,5x3x12-2\Testa di moro-Brown-PD167W10\1.jpg"
Portafoglio in pelle-portafogli donna pelle,"Aristea-XX-9,5x3x12-2",Naturale-Natural-PD167W3,3.jpg,3.jpg,Sì,"I:/Il mio Drive/MASTER Foto Prodotti\Portafoglio in pelle-portafogli donna pelle\Aristea-XX-9,5x3x12-2\Naturale-Natural-PD167W3\3.jpg"
Portafoglio in pelle-portafogli donna pelle,"Aristea-XX-9,5x3x12-2",Naturale-Natural-PD167W3,2.jpg,2.jpg,Sì,"I:/Il mio Drive/MASTER Foto Prodotti\Portafoglio in pelle-portafogli donna pelle\Aristea-XX-9,5x3x12-2\Naturale-Natural-PD167W3\2.jpg"
Portafoglio in pelle-portafogli donna pelle,"Aristea-XX-9,5x3x12-2",Naturale-Natural-PD167W3,1.jpg,1.jpg,Sì,"I:/Il mio Drive/MASTER Foto Prodotti\Portafoglio in pelle-portafogli donna pelle\Aristea-XX-9,5x3x12-2\Naturale-Natural-PD167W3\1.jpg"
Borsa zaino in pelle-borse pelle donna,Minnie-58-33x14x30-1,Giallo-Yellow-BD03348V6,3.jpg,3.jpg,Sì,I:/Il mio Drive/MASTER Foto Prodotti\Borsa zaino in pelle-borse pelle donna\Minnie-58-33x14x30-1\Giallo-Yellow-BD03348V6\3.jpg
Borsa zaino in pelle-borse pelle donna,Minnie-58-33x14x30-1,Giallo-Yellow-BD03348V6,2.jpg,2.jpg,Sì,I:/Il mio Drive/MASTER Foto Prodotti\Borsa zaino in pelle-borse pelle donna\Minnie-58-33x14x30-1\Giallo-Yellow-BD03348V6\2.jpg
Borsa zaino in pelle-borse pelle donna,Minnie-58-33x14x30-1,Giallo-Yellow-BD03348V6,1.jpg,1.jpg,Sì,I:/Il mio Drive/MASTER Foto Prodotti\Borsa zaino in pelle-borse pelle donna\Minnie-58-33x14x30-1\Giallo-Yellow-BD03348V6\1.jpg
Borsa zaino in pelle-borse pelle donna,Minnie-58-33x14x30-1,Rosso-Red-BD03348V4,3.jpg,3.jpg,Sì,I:/Il mio Drive/MASTER Foto Prodotti\Borsa zaino in pelle-borse pelle donna\Minnie-58-33x14x30-1\Rosso-Red-BD03348V4\3.jpg
Borsa zaino in pelle-borse pelle donna,Minnie-58-33x14x30-1,Rosso-Red-BD03348V4,2.jpg,2.jpg,Sì,I:/Il mio Drive/MASTER Foto Prodotti\Borsa zaino in pelle-borse pelle donna\Minnie-58-33x14x30-1\Rosso-Red-BD03348V4\2.jpg
Borsa zaino in pelle-borse pelle donna,Minnie-58-33x14x30-1,Rosso-Red-BD03348V4,1.jpg,1.jpg,Sì,I:/Il mio Drive/MASTER Foto Prodotti\Borsa zaino in pelle-borse pelle donna\Minnie-58-33x14x30-1\Rosso-Red-BD03348V4\1.jpg
Borsa zaino in pelle-borse pelle donna,Bluma-28-26x13x30-1,Rosso-Red-PTTAF4,3.jpg,3.jpg,Sì,I:/Il mio Drive/MASTER Foto Prodotti\Borsa zaino in pelle-borse pelle donna\Bluma-28-26x13x30-1\Rosso-Red-PTTAF4\3.jpg
Borsa zaino in pelle-borse pelle donna,Bluma-28-26x13x30-1,Rosso-Red-PTTAF4,2.jpg,2.jpg,Sì,I:/Il mio Drive/MASTER Foto Prodotti\Borsa zaino in pelle-borse pelle donna\Bluma-28-26x13x30-1\Rosso-Red-PTTAF4\2.jpg
Borsa zaino in pelle-borse pelle donna,Bluma-28-26x13x30-1,Rosso-Red-PTTAF4,1.jpg,1.jpg,Sì,I:/Il mio Drive/MASTER Foto Prodotti\Borsa zaino in pelle-borse pelle donna\Bluma-28-26x13x30-1\Rosso-Red-PTTAF4\1.jpg
Borsa zaino in pelle-borse pelle donna,Bluma-28-26x13x30-1,Grigio-Grey-PTTAF13,3.jpg,3.jpg,Sì,I:/Il mio Drive/MASTER Foto Prodotti\Borsa zaino in pelle-borse pelle donna\Bluma-28-26x13x30-1\Grigio-Grey-PTTAF13\3.jpg
Borsa zaino in pelle-borse pelle donna,Bluma-28-26x13x30-1,Grigio-Grey-PTTAF13,1.jpg,1.jpg,Sì,I:/Il mio Drive/MASTER Foto Prodotti\Borsa zaino in pelle-borse pelle donna\Bluma-28-26x13x30-1\Grigio-Grey-PTTAF13\1.jpg
Borsa zaino in pelle-borse pelle donna,Bluma-28-26x13x30-1,Grigio-Grey-PTTAF13,2.jpg,2.jpg,Sì,I:/Il mio Drive/MASTER Foto Prodotti\Borsa zaino in pelle-borse pelle donna\Bluma-28-26x13x30-1\Grigio-Grey-PTTAF13\2.jpg
Borsa zaino in pelle-borse pelle donna,Bluma-28-26x13x30-1,Rosa-Pink-PTTAF9,3.jpg,3.jpg,Sì,I:/Il mio Drive/MASTER Foto Prodotti\Borsa zaino in pelle-borse pelle donna\Bluma-28-26x13x30-1\Rosa-Pink-PTTAF9\3.jpg
Borsa zaino in pelle-borse pelle donna,Bluma-28-26x13x30-1,Rosa-Pink-PTTAF9,1.jpg,1.jpg,Sì,I:/Il mio Drive/MASTER Foto Prodotti\Borsa zaino in pelle-borse pelle donna\Bluma-28-26x13x30-1\Rosa-Pink-PTTAF9\1.jpg
Borsa zaino in pelle-borse pelle donna,Bluma-28-26x13x30-1,Rosa-Pink-PTTAF9,2.jpg,2.jpg,Sì,I:/Il mio Drive/MASTER Foto Prodotti\Borsa zaino in pelle-borse pelle donna\Bluma-28-26x13x30-1\Rosa-Pink-PTTAF9\2.jpg
Borsa zaino in pelle-borse pelle donna,Bluma-28-26x13x30-1,Nero-Black-PTTAF1,2.jpg,2.jpg,Sì,I:/Il mio Drive/MASTER Foto Prodotti\Borsa zaino in pelle-borse pelle donna\Bluma-28-26x13x30-1\Nero-Black-PTTAF1\2.jpg
Borsa zaino in pelle-borse pelle donna,Bluma-28-26x13x30-1,Nero-Black-PTTAF1,1.jpg,1.jpg,Sì,I:/Il mio Drive/MASTER Foto Prodotti\Borsa zaino in pelle-borse pelle donna\Bluma-28-26x13x30-1\Nero-Black-PTTAF1\1.jpg
Borsa zaino in pelle-borse pelle donna,Bluma-28-26x13x30-1,Nero-Black-PTTAF1,3.jpg,3.jpg,Sì,I:/Il mio Drive/MASTER Foto Prodotti\Borsa zaino in pelle-borse pelle donna\Bluma-28-26x13x30-1\Nero-Black-PTTAF1\3.jpg
Borsa zaino in pelle-borse pelle donna,Bluma-28-26x13x30-1,Blu-Blue-PTTAF18,2.jpg,2.jpg,Sì,I:/Il mio Drive/MASTER Foto Prodotti\Borsa zaino in pelle-borse pelle donna\Bluma-28-26x13x30-1\Blu-Blue-PTTAF18\2.jpg
Borsa zaino in pelle-borse pelle donna,Bluma-28-26x13x30-1,Blu-Blue-PTTAF18,1.jpg,1.jpg,Sì,I:/Il mio Drive/MASTER Foto Prodotti\Borsa zaino in pelle-borse pelle donna\Bluma-28-26x13x30-1\Blu-Blue-PTTAF18\1.jpg
Borsa zaino in pelle-borse pelle donna,Bluma-28-26x13x30-1,Blu-Blue-PTTAF18,3.jpg,3.jpg,Sì,I:/Il mio Drive/MASTER Foto Prodotti\Borsa zaino in pelle-borse pelle donna\Bluma-28-26x13x30-1\Blu-Blue-PTTAF18\3.jpg
Borsa zaino in pelle-borse pelle donna,"Vera-45-32x11,5x28-1",Multicolore Miele-Multicolor Honey-BD317VBC,3.jpg,3.jpg,Sì,"I:/Il mio Drive/MASTER Foto Prodotti\Borsa zaino in pelle-borse pelle donna\Vera-45-32x11,5x28-1\Multicolore Miele-Multicolor Honey-BD317VBC\3.jpg"
Borsa zaino in pelle-borse pelle donna,"Vera-45-32x11,5x28-1",Multicolore Miele-Multicolor Honey-BD317VBC,2.jpg,2.jpg,Sì,"I:/Il mio Drive/MASTER Foto Prodotti\Borsa zaino in pelle-borse pelle donna\Vera-45-32x11,5x28-1\Multicolore Miele-Multicolor Honey-BD317VBC\2.jpg"
Borsa zaino in pelle-borse pelle donna,"Vera-45-32x11,5x28-1",Multicolore Miele-Multicolor Honey-BD317VBC,1.jpg,1.jpg,Sì,"I:/Il mio Drive/MASTER Foto Prodotti\Borsa zaino in pelle-borse pelle donna\Vera-45-32x11,5x28-1\Multicolore Miele-Multicolor Honey-BD317VBC\1.jpg"
Borsa zaino in pelle-borse pelle donna,"Vera-45-32x11,5x28-1",Miele-Honey-BD317V3,3.jpg,3.jpg,Sì,"I:/Il mio Drive/MASTER Foto Prodotti\Borsa zaino in pelle-borse pelle donna\Vera-45-32x11,5x28-1\Miele-Honey-BD317V3\3.jpg"
Borsa zaino in pelle-borse pelle donna,"Vera-45-32x11,5x28-1",Miele-Honey-BD317V3,2.jpg,2.jpg,Sì,"I:/Il mio Drive/MASTER Foto Prodotti\Borsa zaino in pelle-borse pelle donna\Vera-45-32x11,5x28-1\Miele-Honey-BD317V3\2.jpg"
Borsa zaino in pelle-borse pelle donna,"Vera-45-32x11,5x28-1",Miele-Honey-BD317V3,1.jpg,1.jpg,Sì,"I:/Il mio Drive/MASTER Foto Prodotti\Borsa zaino in pelle-borse pelle donna\Vera-45-32x11,5x28-1\Miele-Honey-BD317V3\1.jpg"
Borsa zaino in pelle-borse pelle donna,"Vera-45-32x11,5x28-1",Marrone-Brown-BD317V2,3.jpg,3.jpg,Sì,"I:/Il mio Drive/MASTER Foto Prodotti\Borsa zaino in pelle-borse pelle donna\Vera-45-32x11,5x28-1\Marrone-Brown-BD317V2\3.jpg"
Borsa zaino in pelle-borse pelle donna,"Vera-45-32x11,5x28-1",Marrone-Brown-BD317V2,2.jpg,2.jpg,Sì,"I:/Il mio Drive/MASTER Foto Prodotti\Borsa zaino in pelle-borse pelle donna\Vera-45-32x11,5x28-1\Marrone-Brown-BD317V2\2.jpg"
Borsa zaino in pelle-borse pelle donna,"Vera-45-32x11,5x28-1",Marrone-Brown-BD317V2,1.jpg,1.jpg,Sì,"I:/Il mio Drive/MASTER Foto Prodotti\Borsa zaino in pelle-borse pelle donna\Vera-45-32x11,5x28-1\Marrone-Brown-BD317V2\1.jpg"
Borsa zaino in pelle-borse pelle donna,"Vera-45-32x11,5x28-1",Verde-Green-BD317V7,3.jpg,3.jpg,Sì,"I:/Il mio Drive/MASTER Foto Prodotti\Borsa zaino in pelle-borse pelle donna\Vera-45-32x11,5x28-1\Verde-Green-BD317V7\3.jpg"
Borsa zaino in pelle-borse pelle donna,"Vera-45-32x11,5x28-1",Verde-Green-BD317V7,2.jpg,2.jpg,Sì,"I:/Il mio Drive/MASTER Foto Prodotti\Borsa zaino in pelle-borse pelle donna\Vera-45-32x11,5x28-1\Verde-Green-BD317V7\2.jpg"
Borsa zaino in pelle-borse pelle donna,"Vera-45-32x11,5x28-1",Verde-Green-BD317V7,1.jpg,1.jpg,Sì,"I:/Il mio Drive/MASTER Foto Prodotti\Borsa zaino in pelle-borse pelle donna\Vera-45-32x11,5x28-1\Verde-Green-BD317V7\1.jpg"
Borsa zaino in pelle-borse pelle donna,"Vera-45-32x11,5x28-1",Multicolore Rossa-Multicolor Red-BD317VBR,3.jpg,3.jpg,Sì,"I:/Il mio Drive/MASTER Foto Prodotti\Borsa zaino in pelle-borse pelle donna\Vera-45-32x11,5x28-1\Multicolore Rossa-Multicolor Red-BD317VBR\3.jpg"
Borsa zaino in pelle-borse pelle donna,"Vera-45-32x11,5x28-1",Multicolore Rossa-Multicolor Red-BD317VBR,2.jpg,2.jpg,Sì,"I:/Il mio Drive/MASTER Foto Prodotti\Borsa zaino in pelle-borse pelle donna\Vera-45-32x11,5x28-1\Multicolore Rossa-Multicolor Red-BD317VBR\2.jpg"
Borsa zaino in pelle-borse pelle donna,"Vera-45-32x11,5x28-1",Multicolore Rossa-Multicolor Red-BD317VBR,1.jpg,1.jpg,Sì,"I:/Il mio Drive/MASTER Foto Prodotti\Borsa zaino in pelle-borse pelle donna\Vera-45-32x11,5x28-1\Multicolore Rossa-Multicolor Red-BD317VBR\1.jpg"
Borsa zaino in pelle-borse pelle donna,"Vera-45-32x11,5x28-1",Blu-Blue-BD317V5,3.jpg,3.jpg,Sì,"I:/Il mio Drive/MASTER Foto Prodotti\Borsa zaino in pelle-borse pelle donna\Vera-45-32x11,5x28-1\Blu-Blue-BD317V5\3.jpg"
Borsa zaino in pelle-borse pelle donna,"Vera-45-32x11,5x28-1",Blu-Blue-BD317V5,2.jpg,2.jpg,Sì,"I:/Il mio Drive/MASTER Foto Prodotti\Borsa zaino in pelle-borse pelle donna\Vera-45-32x11,5x28-1\Blu-Blue-BD317V5\2.jpg"
Borsa zaino in pelle-borse pelle donna,"Vera-45-32x11,5x28-1",Blu-Blue-BD317V5,1.jpg,1.jpg,Sì,"I:/Il mio Drive/MASTER Foto Prodotti\Borsa zaino in pelle-borse pelle donna\Vera-45-32x11,5x28-1\Blu-Blue-BD317V5\1.jpg"
Borsa zaino in pelle-borse pelle donna,"Vera-45-32x11,5x28-1",Giallo-Yellow-BD317V6,3.jpg,3.jpg,Sì,"I:/Il mio Drive/MASTER Foto Prodotti\Borsa zaino in pelle-borse pelle donna\Vera-45-32x11,5x28-1\Giallo-Yellow-BD317V6\3.jpg"
Borsa zaino in pelle-borse pelle donna,"Vera-45-32x11,5x28-1",Giallo-Yellow-BD317V6,1.jpg,1.jpg,Sì,"I:/Il mio Drive/MASTER Foto Prodotti\Borsa zaino in pelle-borse pelle donna\Vera-45-32x11,5x28-1\Giallo-Yellow-BD317V6\1.jpg"
Borsa zaino in pelle-borse pelle donna,"Vera-45-32x11,5x28-1",Giallo-Yellow-BD317V6,2.jpg,2.jpg,Sì,"I:/Il mio Drive/MASTER Foto Prodotti\Borsa zaino in pelle-borse pelle donna\Vera-45-32x11,5x28-1\Giallo-Yellow-BD317V6\2.jpg"
Borsa zaino in pelle-borse pelle donna,Mirea-XX-29x14x30-1,Nero-Black-DB2225P1,2.jpg,2.jpg,Sì,I:/Il mio Drive/MASTER Foto Prodotti\Borsa zaino in pelle-borse pelle donna\Mirea-XX-29x14x30-1\Nero-Black-DB2225P1\2.jpg
Borsa zaino in pelle-borse pelle donna,Mirea-XX-29x14x30-1,Nero-Black-DB2225P1,3.jpg,3.jpg,Sì,I:/Il mio Drive/MASTER Foto Prodotti\Borsa zaino in pelle-borse pelle donna\Mirea-XX-29x14x30-1\Nero-Black-DB2225P1\3.jpg
Borsa zaino in pelle-borse pelle donna,Mirea-XX-29x14x30-1,Nero-Black-DB2225P1,1.jpg,1.jpg,Sì,I:/Il mio Drive/MASTER Foto Prodotti\Borsa zaino in pelle-borse pelle donna\Mirea-XX-29x14x30-1\Nero-Black-DB2225P1\1.jpg
Borsa zaino in pelle-borse pelle donna,Mirea-XX-29x14x30-1,Giallo-Yellow-DB2225P6,1.jpg,1.jpg,Sì,I:/Il mio Drive/MASTER Foto Prodotti\Borsa zaino in pelle-borse pelle donna\Mirea-XX-29x14x30-1\Giallo-Yellow-DB2225P6\1.jpg
Borsa zaino in pelle-borse pelle donna,Mirea-XX-29x14x30-1,Giallo-Yellow-DB2225P6,2.jpg,2.jpg,Sì,I:/Il mio Drive/MASTER Foto Prodotti\Borsa zaino in pelle-borse pelle donna\Mirea-XX-29x14x30-1\Giallo-Yellow-DB2225P6\2.jpg
Borsa zaino in pelle-borse pelle donna,Mirea-XX-29x14x30-1,Giallo-Yellow-DB2225P6,3.jpg,3.jpg,Sì,I:/Il mio Drive/MASTER Foto Prodotti\Borsa zaino in pelle-borse pelle donna\Mirea-XX-29x14x30-1\Giallo-Yellow-DB2225P6\3.jpg
Borsa zaino in pelle-borse pelle donna,Mirea-XX-29x14x30-1,Beige-Beige-DB2225P2,1.jpg,1.jpg,Sì,I:/Il mio Drive/MASTER Foto Prodotti\Borsa zaino in pelle-borse pelle donna\Mirea-XX-29x14x30-1\Beige-Beige-DB2225P2\1.jpg
Borsa zaino in pelle-borse pelle donna,Mirea-XX-29x14x30-1,Beige-Beige-DB2225P2,3.jpg,3.jpg,Sì,I:/Il mio Drive/MASTER Foto Prodotti\Borsa zaino in pelle-borse pelle donna\Mirea-XX-29x14x30-1\Beige-Beige-DB2225P2\3.jpg
Borsa zaino in pelle-borse pelle donna,Mirea-XX-29x14x30-1,Beige-Beige-DB2225P2,2.jpg,2.jpg,Sì,I:/Il mio Drive/MASTER Foto Prodotti\Borsa zaino in pelle-borse pelle donna\Mirea-XX-29x14x30-1\Beige-Beige-DB2225P2\2.jpg
